timestamp,bid1,bid1_qty,ask1,ask1_qty,bid2,bid2_qty,ask2,ask2_qty,bid3,bid3_qty,ask3,ask3_qty,bid4,bid4_qty,ask4,ask4_qty,bid5,bid5_qty,ask5,ask5_qty
2025-09-25 15:38:25.014000,111150.0,0.38775,111150.01,7.16673,111149.99,0.00069,111150.09,0.0002,111149.92,0.0001,111150.1,0.0202,111148.21,0.0002,111150.11,0.0001,111146.8,0.0,111150.78,0.0
2025-09-25 15:38:26.014000,111150.0,0.36062,111150.01,7.16423,111149.99,0.00128,111154.97,0.0001,111148.18,0.07102,111154.99,5e-05,111144.26,0.04586,111157.22,0.06675,111143.33,0.00164,111158.34,0.06734
2025-09-25 15:38:27.014000,111150.0,0.0,111144.27,5.43663,111149.99,0.0,111144.28,0.0005,111149.98,0.0,111144.29,0.0002,111149.97,0.0,111144.3,0.02025,111149.96,0.0,111144.31,0.0001
2025-09-25 15:38:28.014000,111144.26,2.79724,111144.27,2.28121,111144.25,0.00379,111144.28,0.0003,111144.0,0.00265,111144.35,0.02025,111143.99,0.0001,111145.38,0.0,111143.82,0.0001,111145.39,0.0
2025-09-25 15:38:29.014000,111161.66,5.09566,111144.27,0.0,111161.65,0.0001,111144.28,0.0,111161.6,5e-05,111144.29,0.0,111161.59,0.0,111144.3,0.0,111161.49,0.00189,111144.31,0.0
2025-09-25 15:38:30.014000,111161.66,4.85009,111161.67,0.90375,111161.38,0.0001,111161.68,0.0006,111161.37,0.08837,111161.69,0.0002,111161.36,0.06757,111161.7,0.02025,111161.12,0.259,111161.71,0.0001
2025-09-25 15:38:31.014000,111161.66,7.15093,111161.67,0.04712,111161.11,0.06567,111161.68,0.00045,111161.0,0.01725,111161.75,0.0202,111159.9,0.0,111161.89,5e-05,111159.0,0.0173,111161.9,0.0
2025-09-25 15:38:32.014000,111180.6,7.89527,111161.67,0.0,111180.59,0.0001,111161.68,0.0,111180.54,0.0,111161.69,0.0,111180.46,5e-05,111161.7,0.0,111180.0,5e-05,111161.71,0.0
2025-09-25 15:38:33.014000,111180.6,0.0,111180.59,5.39644,111180.59,0.0,111180.6,7.17654,111180.58,0.00175,111180.61,0.7939,111180.57,0.00179,111180.62,0.0001,111180.53,0.0002,111180.63,0.0
2025-09-25 15:38:34.014000,111180.58,0.0,111178.52,6.01296,111180.57,0.0,111178.53,0.37013,111180.56,0.0,111178.54,0.0001,111180.53,0.0,111178.56,0.0,111180.46,0.0,111179.0,0.01745
2025-09-25 15:38:35.014000,111178.51,0.0,111174.83,7.53709,111178.5,0.0,111174.84,0.92431,111178.49,0.0,111174.85,0.00015,111178.48,0.0,111174.86,0.0,111176.85,0.0,111174.95,0.0
2025-09-25 15:38:36.014000,111174.82,1.71948,111174.83,6.75945,111174.81,0.00095,111174.84,0.38504,111174.8,0.0001,111174.85,0.00015,111173.61,0.0001,111174.98,0.0001,111173.6,0.0001,111174.99,0.0002
2025-09-25 15:38:37.014000,111174.82,0.32825,111174.83,5.15547,111174.81,0.0004,111174.84,0.29682,111174.8,0.0001,111174.85,0.00015,111173.68,0.0,111174.98,0.0,111173.67,0.0,111174.99,0.0
2025-09-25 15:38:38.014000,111174.82,0.0,111172.61,5.7368,111174.81,0.0,111172.62,0.0001,111174.8,0.0,111172.63,0.0,111173.0,0.0,111172.64,0.03227,111172.99,0.0,111172.96,1.34358
2025-09-25 15:38:39.014000,111172.6,0.40534,111172.61,6.07658,111172.59,0.01759,111172.62,0.0001,111171.53,0.0,111172.63,0.0001,111171.52,0.0,111172.64,0.03257,111171.51,0.0,111172.65,0.0001
2025-09-25 15:38:40.014000,111172.6,0.0,111169.86,5.82996,111172.59,0.0,111169.87,0.0002,111172.58,0.0,111169.88,0.0001,111172.53,0.0,111169.92,0.0,111172.52,0.0,111169.99,0.0001
2025-09-25 15:38:41.014000,111169.85,1.21736,111169.86,5.49372,111169.84,0.0009,111169.87,0.0001,111169.83,0.0001,111169.88,0.0,111169.29,0.0001,111169.99,0.0,111169.28,0.0001,111170.0,5e-05
2025-09-25 15:38:42.014000,111169.85,3.69359,111169.86,0.68862,111169.84,0.0001,111169.87,0.00065,111169.83,0.0,111169.88,0.0001,111169.75,0.0,111170.2,0.0202,111169.5,5e-05,111170.21,0.0
2025-09-25 15:38:43.014000,111169.85,2.3231,111169.86,1.55147,111169.84,0.00045,111169.87,0.0008,111169.83,0.0001,111169.94,0.0001,111169.78,0.0001,111170.2,0.02025,111169.53,0.0001,111170.94,0.0001
2025-09-25 15:38:44.014000,111169.85,2.46058,111169.86,2.21917,111169.84,0.00035,111169.87,0.0008,111169.34,0.05355,111170.2,0.02025,111169.0,0.0174,111170.54,0.00025,111167.47,0.00767,111170.55,0.06963
2025-09-25 15:38:45.014000,111169.85,3.20907,111169.86,1.6845,111169.84,0.00015,111169.87,0.00075,111169.74,0.0,111175.42,0.06545,111169.34,0.05355,111175.89,0.0,111169.0,0.01745,111175.9,0.0
2025-09-25 15:38:46.014000,111169.85,2.71528,111169.86,1.21346,111169.84,0.0003,111169.87,0.00065,111169.83,0.0,111170.2,0.0202,111169.65,0.0002,111170.54,0.0001,111169.64,0.04981,111170.55,0.0
2025-09-25 15:38:47.014000,111169.85,2.15579,111169.86,2.0748,111169.84,0.0002,111169.87,0.00075,111169.83,0.0,111175.0,0.07803,111169.65,0.0001,111175.23,0.00183,111169.64,0.0,111175.41,0.0
2025-09-25 15:38:48.014000,111169.85,2.19304,111169.86,2.02675,111169.84,0.00025,111249.93,0.0,111169.83,0.0,111250.68,0.051,111169.52,0.0001,111311.2,0.28136,111169.34,0.16052,111315.43,0.0
2025-09-25 15:38:49.014000,111169.85,2.47371,111169.86,1.22563,111169.84,0.0002,111169.87,0.0007,111169.77,0.1675,111170.2,0.02025,111169.76,0.29683,111170.45,0.0,111169.75,0.0001,111171.56,0.00015
2025-09-25 15:38:50.014000,111169.85,2.17242,111169.86,1.98329,111169.84,0.00025,111169.87,0.0008,111169.83,0.0,111170.45,0.0,111169.78,0.0002,111172.12,5e-05,111169.77,0.06091,111172.61,0.01893
2025-09-25 15:38:51.014000,111169.85,2.63354,111169.86,1.04578,111169.84,0.00015,111169.87,0.0006,111169.78,0.0001,111169.9,0.0,111169.77,0.17587,111170.2,0.0203,111169.0,0.01855,111170.9,0.00015
2025-09-25 15:38:52.014000,111169.85,2.37815,111169.86,1.75959,111169.84,0.0001,111169.87,0.0006,111169.78,0.0002,111169.88,0.0001,111169.77,0.06131,111169.94,0.0001,111169.76,0.0001,111170.0,0.0002
2025-09-25 15:38:53.014000,111169.85,1.98095,111169.86,3.0247,111169.84,0.0004,111169.87,0.00035,111169.83,0.0,111170.62,0.05081,111169.77,0.0159,111170.79,0.00015,111169.21,0.0001,111170.8,5e-05
2025-09-25 15:38:54.014000,111169.85,1.34329,111169.86,3.23849,111169.84,0.00025,111170.03,0.0,111169.83,0.0001,111170.2,0.0202,111169.77,0.02737,111170.44,0.0001,111169.21,0.0,111170.45,0.001
2025-09-25 15:38:55.014000,111169.85,0.50961,111169.86,4.20612,111169.84,0.0002,111169.87,0.03258,111169.83,0.0001,111169.88,0.0001,111169.78,0.0,111169.99,0.0001,111169.77,0.0,111170.0,3.51716
2025-09-25 15:38:56.014000,111169.85,0.80117,111169.86,3.86567,111169.84,0.0003,111170.0,2.21414,111169.83,0.0001,111170.2,0.0201,111169.78,0.0001,111170.45,0.0,111169.23,0.0002,111173.01,0.06748
2025-09-25 15:38:57.014000,111169.85,0.82971,111169.86,3.66139,111169.84,0.0004,111170.2,0.02015,111169.83,0.0,111170.48,0.001,111169.23,0.0,111174.25,5e-05,111168.99,0.0001,111176.88,0.00121
2025-09-25 15:38:58.014000,111169.85,0.51364,111169.86,4.20022,111169.84,0.00239,111169.87,0.03278,111169.83,0.0001,111171.14,0.06675,111169.23,0.0,111171.53,0.06548,111169.0,0.00125,111172.0,0.0172
2025-09-25 15:38:59.014000,111169.85,0.0,111161.67,7.88036,111169.84,0.0,111161.68,0.0001,111169.83,0.0,111161.7,5e-05,111169.78,0.0,111162.05,1.36214,111169.68,0.0,111162.18,0.0
2025-09-25 15:39:00.014000,111161.66,0.83227,111161.67,7.88043,111161.65,0.00321,111161.68,0.00204,111161.64,0.0001,111161.69,0.0002,111161.09,0.0,111161.7,0.0203,111161.08,0.0,111161.71,0.0001
2025-09-25 15:39:01.014000,111161.66,0.0,111152.24,6.00453,111161.65,0.0,111152.25,0.02025,111161.64,0.0,111152.26,0.0001,111161.58,0.0,111152.29,0.0001,111161.57,0.0,111152.3,0.0202
2025-09-25 15:39:02.014000,111152.23,4.95828,111152.24,0.06406,111152.22,0.00425,111152.25,0.02095,111152.21,0.1284,111152.3,0.02025,111152.2,0.0001,111152.31,0.0001,111152.03,0.0001,111152.41,0.0
2025-09-25 15:39:03.014000,111152.23,3.85513,111152.24,0.6109,111152.22,0.0042,111152.25,0.021,111152.21,0.0001,111152.3,0.0203,111152.2,0.0,111152.31,0.0001,111152.16,0.0001,111152.42,0.00015
2025-09-25 15:39:04.014000,111156.1,7.32662,111152.24,0.0,111156.09,0.0001,111152.25,0.0,111156.0,0.0172,111152.26,0.0,111155.86,0.0,111152.27,0.0,111155.85,0.0,111152.29,0.0
2025-09-25 15:39:05.014000,111156.54,7.57965,111156.11,0.0,111156.53,0.0001,111156.12,0.0,111156.18,0.0001,111156.13,0.0,111156.17,0.0001,111156.25,0.0,111156.16,0.0,111156.55,1.11184
2025-09-25 15:39:06.014000,111156.54,7.57982,111156.55,0.98962,111156.53,0.00015,111156.56,0.0008,111156.46,0.03056,111157.24,0.0001,111156.45,0.0001,111157.42,0.0,111156.21,0.0002,111158.54,0.0
2025-09-25 15:39:07.014000,111156.54,7.29481,111156.55,1.3995,111156.53,0.00025,111156.56,0.0005,111156.52,0.0,111156.57,0.0001,111156.47,0.0002,111156.63,0.0001,111156.46,0.03066,111157.24,0.00025
2025-09-25 15:39:08.014000,111156.54,7.52595,111156.55,0.41781,111156.53,0.0001,111156.56,0.00045,111156.47,0.0001,111156.57,0.0001,111156.46,0.03071,111156.63,0.0,111156.12,0.0,111157.24,0.0
2025-09-25 15:39:09.014000,111156.54,7.25213,111156.55,0.67606,111156.53,0.00199,111156.56,0.00075,111156.52,0.0001,111156.57,0.0001,111156.47,0.0002,111157.46,0.00025,111156.46,0.03076,111157.47,0.05064
2025-09-25 15:39:10.014000,111156.54,7.69204,111156.55,0.02454,111156.53,0.00189,111156.56,0.00045,111156.47,0.0001,111156.57,0.0001,111156.22,0.00184,111157.46,0.0,111156.12,0.0,111157.47,0.0
2025-09-25 15:39:11.014000,111163.83,8.01615,111156.55,0.0,111163.82,0.0009,111156.56,0.0,111163.81,0.0001,111156.57,0.0,111163.6,5e-05,111157.66,0.0,111163.59,0.0,111157.88,0.0
2025-09-25 15:39:12.014000,111163.83,7.29266,111163.84,2.03299,111163.82,0.00055,111163.85,0.00382,111163.5,0.0001,111165.45,5e-05,111163.49,0.0001,111166.39,0.0504,111163.48,0.0,111166.56,5e-05
2025-09-25 15:39:13.014000,111163.83,7.4455,111163.84,0.70583,111163.82,0.0003,111163.85,0.00377,111163.51,0.0001,111163.86,0.0001,111163.49,0.0,111165.12,0.0,111161.67,0.26664,111165.26,5e-05
2025-09-25 15:39:14.014000,111169.86,10.72492,111163.84,0.0,111169.85,5.40697,111163.85,0.0,111169.84,0.46355,111163.86,0.0,111169.83,0.0001,111163.87,0.0,111169.78,0.0,111163.88,0.0
2025-09-25 15:39:15.014000,111173.15,7.36461,111169.87,0.0,111173.14,0.0001,111169.88,0.0,111173.09,0.0,111169.99,0.0,111173.08,0.0001,111170.26,0.0,111172.82,0.0003,111170.8,0.0
2025-09-25 15:39:16.014000,111173.15,3.9416,111173.16,3.30155,111173.14,0.00653,111173.17,0.0006,111173.13,0.0001,111173.18,0.0001,111172.81,0.03041,111173.39,0.001,111172.8,0.0,111173.49,0.0
2025-09-25 15:39:17.014000,111173.15,0.79258,111173.16,4.4996,111173.14,0.03246,111173.17,0.0001,111173.13,0.0001,111173.18,0.0,111173.08,0.0001,111173.39,0.00115,111172.83,0.0001,111173.4,0.00015
2025-09-25 15:39:18.014000,111183.99,11.81577,111173.16,0.0,111183.98,0.0002,111173.17,0.0,111183.93,0.02797,111173.18,0.0,111183.92,0.0002,111173.24,0.0,111183.74,0.98522,111173.39,0.0
2025-09-25 15:39:19.014000,111200.14,5.71954,111184.0,0.0,111200.13,0.0031,111184.01,0.0,111200.1,0.0,111184.02,0.0,111200.09,0.0001,111184.43,0.0,111200.08,0.18633,111184.44,0.0
2025-09-25 15:39:20.014000,111200.14,5.06562,111200.15,2.43527,111200.13,0.01344,111200.16,0.00045,111200.12,0.0001,111200.23,0.00025,111200.09,0.0,111200.24,0.22601,111200.08,0.0,111200.25,0.29675
2025-09-25 15:39:21.014000,111200.14,5.58033,111200.15,0.35871,111200.13,0.01349,111200.16,0.0007,111200.01,0.0001,111200.17,0.0001,111200.0,0.43608,111200.23,0.0001,111199.99,0.21851,111200.24,0.0
2025-09-25 15:39:22.014000,111200.14,5.14198,111200.15,2.80761,111200.13,0.01354,111200.16,0.00035,111200.0,0.08233,111200.17,0.0001,111199.99,0.0002,111201.24,0.0001,111199.59,0.00137,111201.25,0.00015
2025-09-25 15:39:23.014000,111200.14,4.94833,111200.15,3.31105,111200.0,0.08233,111200.16,0.00025,111199.99,0.0002,111200.17,0.0001,111197.72,5e-05,111200.57,0.0,111196.8,0.0,111200.58,0.0
2025-09-25 15:39:24.014000,111200.14,5.03058,111200.15,2.39135,111200.13,0.01374,111200.16,0.00035,111200.0,0.26854,111200.17,0.0001,111199.51,0.0012,111200.97,0.0001,111199.32,0.0001,111200.98,0.0
2025-09-25 15:39:25.014000,111200.14,5.03248,111200.15,0.4626,111200.13,0.01379,111200.16,0.0003,111200.0,0.4058,111200.17,0.0001,111199.51,0.00125,111200.97,0.00025,111199.31,0.2966,111200.98,0.29675
2025-09-25 15:39:26.014000,111200.14,4.86395,111200.15,1.85684,111200.13,0.01369,111200.16,0.00035,111200.0,0.26854,111200.17,0.0001,111199.61,0.0001,111200.96,0.00015,111199.6,0.0,111200.97,0.27609
2025-09-25 15:39:27.014000,111200.14,4.95448,111200.15,0.4376,111200.13,0.02068,111200.16,0.00025,111200.12,0.0001,111200.17,0.0001,111200.05,0.0,111200.66,0.0,111200.04,0.0,111200.67,0.0
2025-09-25 15:39:28.014000,111200.14,5.07319,111200.15,0.45174,111200.13,0.02053,111200.16,0.00035,111200.0,0.42598,111200.17,0.0001,111199.99,0.0002,111200.23,0.0,111199.81,0.1283,111200.33,0.00015
2025-09-25 15:39:29.014000,111208.71,7.76433,111200.15,0.0,111208.7,0.0007,111200.16,0.0,111208.69,0.0001,111200.17,0.0,111208.58,0.0,111200.33,0.0,111208.56,5e-05,111200.34,0.0
2025-09-25 15:39:30.014000,111208.71,7.74808,111208.72,1.8737,111208.7,0.00075,111208.73,0.00035,111208.64,0.0001,111208.74,0.0,111208.51,0.32727,111208.8,0.0001,111208.49,0.65139,111209.51,0.0001
2025-09-25 15:39:31.014000,111208.71,0.0,111203.99,9.26121,111208.7,0.0,111204.0,1.80883,111208.69,0.0,111204.01,0.0,111208.64,0.0,111204.06,0.0,111208.56,0.0,111204.07,5e-05
2025-09-25 15:39:32.014000,111203.98,0.0,111202.02,7.51517,111203.97,0.0,111202.03,0.88603,111203.96,0.0,111202.04,0.33734,111203.38,0.0,111202.05,0.08817,111203.37,0.0,111202.06,0.0
2025-09-25 15:39:33.014000,111202.01,0.0,111200.74,2.0834,111202.0,0.0,111200.8,0.0,111201.99,0.0,111201.0,0.01795,111200.73,3.05742,111201.99,0.0,111200.72,0.0011,111202.0,0.0
2025-09-25 15:39:34.014000,111200.73,3.14022,111200.74,2.79339,111200.72,0.00085,111200.75,0.00015,111200.13,0.02033,111200.99,0.0001,111199.51,0.00125,111201.0,0.01805,111199.07,0.0009,111202.0,0.0001
2025-09-25 15:39:35.014000,111200.73,2.94416,111200.74,2.29382,111200.72,0.0009,111200.75,0.0002,111200.66,0.0001,111200.82,0.0001,111200.13,0.02033,111201.0,0.0181,111199.51,0.0012,111201.85,0.0001
2025-09-25 15:39:36.014000,111200.73,0.93292,111200.74,4.22219,111200.72,0.0009,111200.75,0.0,111200.16,0.0,111202.09,0.06734,111200.13,0.02033,111203.23,5e-05,111199.6,0.0,111204.6,5e-05
2025-09-25 15:39:37.014000,111200.73,0.58769,111200.74,3.57306,111200.72,0.0008,111200.75,0.0,111200.13,0.02033,111201.86,0.05069,111200.1,6e-05,111202.01,1.16047,111199.51,0.0012,111202.02,0.31285
2025-09-25 15:39:38.014000,111200.73,1.0143,111200.74,3.37624,111200.72,0.00075,111200.75,0.0,111200.17,0.0001,111202.09,0.0001,111200.16,0.0001,111202.41,0.06538,111200.14,0.03028,111204.5,0.00183
2025-09-25 15:39:39.014000,111200.73,1.40656,111200.74,3.36049,111200.72,0.0008,111201.86,0.05064,111200.23,0.0001,111202.02,0.31285,111200.22,0.0001,111202.08,0.0,111200.21,0.0,111202.09,5e-05
2025-09-25 15:39:40.014000,111200.73,0.56902,111200.74,3.69838,111200.72,0.0008,111201.86,0.05069,111200.25,0.0,111202.02,0.31285,111200.24,0.0,111202.08,5e-05,111200.23,0.0,111202.09,0.06744
2025-09-25 15:39:41.014000,111200.73,0.48331,111200.74,3.71364,111200.72,0.0008,111202.0,0.0,111199.14,0.0,111202.01,1.16037,111199.13,5e-05,111202.08,0.0,111198.19,0.0,111202.41,0.06548
2025-09-25 15:39:42.014000,111200.73,0.0,111186.42,6.57206,111200.72,0.0,111186.43,5.58943,111200.71,0.0,111186.44,0.0001,111200.66,0.0,111186.45,0.715,111200.15,0.0,111186.46,0.0011
2025-09-25 15:39:43.014000,111186.41,0.0,111184.99,8.31078,111186.4,0.0,111185.0,1.62232,111186.39,0.0,111185.05,0.0,111186.08,0.0,111185.06,0.0,111185.48,0.0,111185.1,5e-05
2025-09-25 15:39:44.014000,111184.98,2.2272,111184.99,4.33406,111184.97,0.00055,111185.0,0.0,111184.91,0.0001,111185.07,0.0001,111184.1,0.0001,111185.1,0.0,111184.09,0.0001,111186.42,0.0
2025-09-25 15:39:45.014000,111184.98,1.37812,111184.99,4.50014,111184.97,0.0006,111186.43,0.0001,111184.14,0.0,111186.44,0.08743,111184.13,0.0,111186.45,0.0,111184.12,0.0,111189.0,0.0001
2025-09-25 15:39:46.014000,111184.98,1.36823,111184.99,4.85542,111184.97,0.01853,111185.07,0.00174,111184.14,0.0001,111189.83,5e-05,111184.13,0.0001,111192.61,5e-05,111184.12,0.0,111193.2,5e-05
2025-09-25 15:39:47.014000,111184.98,1.02392,111184.99,4.87161,111184.97,0.05245,111185.0,0.0,111184.18,0.0,111189.98,0.0001,111184.17,0.0,111190.0,0.01745,111184.16,0.0,111190.01,0.29663
2025-09-25 15:39:48.014000,111184.98,1.46109,111184.99,5.22333,111184.97,0.05245,111190.01,0.29663,111184.07,0.00025,111190.53,0.0,111181.51,0.11377,111190.54,0.0,111180.0,0.02019,111190.7,5e-05
2025-09-25 15:39:49.014000,111184.98,1.4608,111184.99,5.06586,111184.97,0.05245,111185.0,0.00188,111184.07,5e-05,111185.07,0.00179,111181.51,0.03527,111185.62,0.00178,111180.0,0.02024,111193.63,0.03028
2025-09-25 15:39:50.014000,111184.98,0.44299,111184.99,4.89112,111184.97,0.05245,111185.1,5e-05,111184.0,0.00215,111185.62,0.00183,111181.52,5e-05,111186.24,0.0001,111181.51,5e-05,111186.25,0.0668
2025-09-25 15:39:51.014000,111184.98,0.44338,111184.99,5.06777,111184.97,0.0525,111185.0,0.00188,111179.04,0.06953,111186.25,0.06675,111177.89,0.0031,111186.76,5e-05,111177.22,5e-05,111187.7,0.0
2025-09-25 15:39:52.014000,111184.98,3.8524,111184.99,0.65531,111184.97,0.05185,111185.0,0.0006,111184.96,0.0001,111185.07,0.00179,111184.29,1.88141,111185.1,0.0,111184.28,0.29665,111185.12,0.00015
2025-09-25 15:39:53.014000,111190.7,7.92205,111184.99,0.0,111190.69,0.44814,111185.0,0.0,111190.68,0.0001,111185.07,0.0,111190.19,1.97442,111185.12,0.0,111190.18,0.00015,111185.13,0.0
2025-09-25 15:39:54.014000,111197.52,3.28598,111190.71,0.0,111197.51,0.02005,111190.72,0.0,111197.5,0.0001,111191.04,0.0,111197.49,0.0,111191.28,0.0,111197.32,5e-05,111191.7,0.0
2025-09-25 15:39:55.014000,111197.52,2.49549,111197.53,2.28726,111197.51,0.03757,111197.54,0.0005,111197.5,0.0001,111197.55,0.0001,111197.2,5e-05,111198.82,5e-05,111197.19,0.06685,111199.52,0.05085
2025-09-25 15:39:56.014000,111197.52,3.27736,111197.53,1.77696,111197.51,0.01249,111197.54,0.00035,111197.5,0.0001,111197.9,5e-05,111197.23,0.0,111197.91,5e-05,111197.22,0.0,111198.39,0.0
2025-09-25 15:39:57.014000,111197.52,3.30903,111197.53,1.84481,111197.51,0.05407,111200.7,0.0,111197.5,0.06762,111205.83,0.0,111197.49,0.0001,111205.84,0.0,111196.65,0.0,111214.18,0.06739
2025-09-25 15:39:58.014000,111209.58,6.3475,111197.53,0.0,111209.57,0.00065,111197.54,0.0,111209.56,0.0001,111197.55,0.0,111209.46,0.0001,111197.71,0.0,111209.45,0.06685,111197.9,0.0
2025-09-25 15:39:59.019000,111209.58,6.67078,111209.59,0.15605,111209.57,0.00318,111209.6,0.0006,111209.51,0.0001,111209.67,0.0001,111209.47,0.0001,111210.0,0.00395,111209.45,0.06695,111210.48,5e-05
2025-09-25 15:40:00.014000,111214.99,9.49575,111209.59,0.0,111214.98,0.0001,111209.6,0.0,111214.88,0.001,111209.67,0.0,111214.87,0.0,111209.95,0.0,111214.85,0.0001,111209.99,0.0
2025-09-25 15:40:01.014000,111222.33,6.87982,111215.0,0.0,111222.32,0.0001,111215.01,0.0,111221.78,0.0,111216.0,0.0,111221.74,0.0,111216.01,0.0,111221.14,0.0001,111216.25,0.0
2025-09-25 15:40:02.014000,111225.68,11.47875,111222.34,0.0,111225.67,0.00188,111222.35,0.0,111225.51,0.0,111223.3,0.0,111225.48,0.0,111223.35,0.0,111225.42,5e-05,111223.45,0.0
2025-09-25 15:40:03.014000,111225.68,10.85248,111225.69,0.78282,111225.67,0.00193,111225.7,0.0008,111225.66,0.0001,111226.37,0.04982,111225.61,0.0001,111226.43,0.0,111225.5,0.0,111226.54,0.0
2025-09-25 15:40:04.014000,111225.68,11.59256,111225.69,0.00339,111225.67,0.00188,111225.7,0.00065,111225.66,0.0001,111226.36,0.0,111225.42,0.00015,111226.37,0.0,111225.41,0.0001,111226.8,0.00015
2025-09-25 15:40:05.014000,111236.58,10.25103,111225.69,0.0,111236.57,0.00015,111225.7,0.0,111236.33,0.0,111226.7,0.0,111236.26,0.0,111226.8,0.0,111236.25,0.37506,111226.81,0.0
2025-09-25 15:40:06.014000,111236.58,7.50977,111236.59,1.98275,111236.57,0.00025,111236.6,0.00065,111236.56,0.0,111236.65,0.0,111236.3,0.0,111237.28,0.00015,111236.29,0.0,111237.29,0.34276
2025-09-25 15:40:07.014000,111236.58,1.73675,111236.59,3.99052,111236.57,0.0004,111236.6,0.0,111236.56,0.0001,111237.29,1.35572,111236.31,0.0001,111237.3,0.30155,111236.3,0.07849,111238.05,0.06665
2025-09-25 15:40:08.014000,111236.58,3.30624,111236.59,0.98566,111236.57,0.0002,111236.6,0.00025,111236.56,0.0,111237.27,5e-05,111236.35,0.0001,111237.28,5e-05,111236.34,0.0001,111237.29,0.00015
2025-09-25 15:40:09.014000,111240.78,7.83758,111236.59,0.0,111240.77,0.0001,111236.6,0.0,111240.72,0.0,111236.67,0.0,111240.09,0.0,111236.75,0.0,111240.02,0.0,111237.27,0.0
2025-09-25 15:40:10.014000,111240.78,6.52678,111240.79,1.47059,111240.04,0.0,111240.8,0.0006,111240.03,0.0,111241.1,0.0,111240.02,0.0,111241.12,0.00015,111240.01,0.0001,111241.13,0.29654
2025-09-25 15:40:11.014000,111240.78,1.83391,111240.79,3.40226,111240.77,0.0004,111240.8,0.0008,111240.76,0.0001,111240.87,0.0001,111240.7,0.0001,111241.11,0.00015,111240.66,0.0001,111241.12,0.12974
2025-09-25 15:40:12.014000,111240.78,0.59668,111240.79,4.16887,111240.77,0.0005,111240.8,0.0005,111240.76,0.0001,111241.11,0.0,111240.66,0.0,111241.12,0.96374,111240.65,0.0,111241.14,0.0
2025-09-25 15:40:13.014000,111240.78,0.0,111221.97,5.70714,111240.77,0.0,111221.98,0.0,111240.76,0.0,111222.25,0.0001,111240.75,0.0,111222.26,0.05097,111240.7,0.0,111223.08,0.0001
2025-09-25 15:40:14.014000,111221.96,3.32892,111221.97,0.65452,111221.95,0.0001,111221.98,0.02998,111221.94,0.0,111222.25,0.0,111221.74,0.0001,111222.26,0.0,111221.72,0.0002,111223.08,0.0
2025-09-25 15:40:15.014000,111231.12,6.16243,111221.97,0.0,111231.11,0.0002,111221.98,0.0,111231.09,0.0,111223.09,0.0,111231.06,0.0,111223.3,0.0,111231.03,0.0,111223.5,0.0
2025-09-25 15:40:16.014000,111231.12,4.22716,111231.13,2.70881,111231.11,0.0001,111231.14,0.0003,111231.1,0.0,111231.68,5e-05,111231.01,0.0,111231.69,0.0,111231.0,0.0,111232.33,0.00015
2025-09-25 15:40:17.014000,111231.12,4.24398,111231.13,2.2024,111231.11,0.0009,111231.14,0.00025,111231.04,0.0001,111231.21,0.0001,111230.62,0.0001,111231.68,0.0,111230.61,0.0092,111232.32,0.00015
2025-09-25 15:40:18.014000,111231.12,0.72502,111231.13,4.18318,111231.11,0.00085,111231.14,0.0,111231.1,0.0001,111232.32,0.0001,111230.62,0.0,111232.33,1.18736,111230.61,0.0,111232.34,0.0001
2025-09-25 15:40:19.014000,111231.12,0.54632,111231.13,4.23377,111231.11,0.0004,111231.14,0.00178,111231.04,0.0,111231.22,0.0668,111227.76,0.00157,111231.9,5e-05,111226.55,0.00015,111232.0,0.0173
2025-09-25 15:40:20.014000,111231.12,2.52475,111231.13,2.24443,111231.11,5e-05,111231.14,0.00198,111231.1,0.0001,111231.21,0.0001,111229.79,0.00178,111231.22,5e-05,111228.23,0.0,111231.9,0.0
2025-09-25 15:40:21.014000,111231.12,3.50768,111231.13,1.52386,111231.11,0.00035,111231.14,0.0002,111231.1,0.0,111231.22,0.0,111230.88,0.0002,111231.99,0.0,111230.87,0.00193,111232.0,0.0
2025-09-25 15:40:22.014000,111231.12,2.95649,111231.13,1.68584,111231.11,0.00025,111231.14,0.0002,111231.1,0.0001,111232.35,0.29657,111230.87,0.00193,111233.67,0.0001,111230.86,0.00087,111233.68,0.32352
2025-09-25 15:40:23.014000,111231.12,2.92964,111231.13,1.64441,111231.11,0.00035,111232.23,0.00909,111231.1,0.0001,111232.33,0.0001,111231.04,0.0001,111232.34,0.36945,111230.85,0.0,111233.68,0.32352
2025-09-25 15:40:24.014000,111231.12,2.94549,111231.13,1.80528,111231.11,0.00035,111256.42,0.06665,111230.87,0.00193,111324.55,0.01407,111230.82,0.00015,111366.11,0.0,111230.81,0.02672,111377.31,0.00443
2025-09-25 15:40:25.014000,111231.12,3.42473,111231.13,0.6045,111231.11,0.0001,111231.14,0.0063,111231.1,0.0,111232.23,5e-05,111230.87,0.00193,111232.33,0.0,111230.86,0.08903,111232.34,0.00015
2025-09-25 15:40:26.014000,111234.26,8.35966,111231.13,0.0,111234.25,0.00075,111231.14,0.0,111234.24,0.0001,111231.21,0.0,111234.01,0.0002,111232.23,0.0,111234.0,0.0174,111232.34,0.0
2025-09-25 15:40:27.014000,111234.26,7.22122,111234.27,2.76461,111234.25,0.00115,111234.28,0.0006,111234.24,0.0001,111237.06,0.00015,111234.13,0.06944,111237.22,0.00015,111234.02,0.0,111237.23,0.12081
2025-09-25 15:40:28.014000,111234.26,7.79105,111234.27,0.52604,111234.25,0.0005,111234.28,0.0006,111234.24,0.0001,111234.5,0.29646,111234.14,0.0,111236.0,0.0073,111234.13,0.0,111236.03,0.0
2025-09-25 15:40:29.014000,111236.58,8.85554,111234.27,0.0,111236.57,0.13014,111234.28,0.0,111236.56,0.0001,111234.48,0.0,111236.01,0.0002,111234.49,0.0,111236.0,0.0174,111234.5,0.0
2025-09-25 15:40:30.014000,111240.58,10.7237,111236.59,0.0,111240.57,0.0001,111236.6,0.0,111240.09,0.0,111236.65,0.0,111240.01,0.0002,111237.22,0.0,111240.0,0.0001,111237.23,0.0
2025-09-25 15:40:31.014000,111275.99,4.1436,111240.59,0.0,111275.98,0.69906,111240.6,0.0,111275.97,0.0001,111240.78,0.0,111275.96,0.0,111240.79,0.0,111275.92,0.0,111240.8,0.0
2025-09-25 15:40:32.014000,111275.99,4.18807,111276.0,1.48568,111275.98,0.66019,111276.01,0.0008,111275.97,0.0001,111277.13,0.0,111275.8,0.0001,111277.14,0.0,111275.79,0.0,111277.44,0.0
2025-09-25 15:40:33.014000,111275.99,4.18853,111276.0,1.57593,111275.98,0.44114,111276.01,0.0008,111275.97,0.0001,111276.08,0.0001,111275.92,0.0001,111277.96,0.06539,111275.8,0.0002,111279.19,0.00787
2025-09-25 15:40:34.014000,111275.99,4.10668,111276.0,2.01434,111275.98,0.07805,111276.01,0.0004,111275.97,0.0001,111277.08,0.0,111275.88,0.0,111277.09,0.0,111275.87,0.0,111277.66,0.0009
2025-09-25 15:40:35.014000,111275.99,4.89065,111276.0,0.06935,111275.98,0.26043,111276.01,0.00055,111275.97,0.0001,111277.43,0.0,111275.95,0.0,111277.45,0.0,111275.94,0.0,111277.67,5e-05
2025-09-25 15:40:36.014000,111281.99,9.76753,111276.0,0.0,111281.98,0.0001,111276.01,0.0,111281.62,5e-05,111276.02,0.0,111281.58,0.0,111276.08,0.0,111281.3,0.00492,111277.0,0.0
2025-09-25 15:40:37.014000,111281.99,9.70278,111282.0,0.78914,111281.98,0.0001,111282.01,0.00075,111281.4,0.0001,111282.06,0.001,111281.39,0.0001,111282.19,5e-05,111281.38,0.0,111282.35,0.00012
2025-09-25 15:40:38.014000,111281.99,0.906,111282.0,4.43159,111281.98,0.00025,111282.01,0.0002,111281.97,0.0001,111282.55,0.00493,111281.93,0.00015,111282.6,5e-05,111281.92,0.04499,111282.63,0.0001
2025-09-25 15:40:39.014000,111281.99,0.65979,111282.0,3.66256,111281.98,0.0002,111282.01,0.0,111281.97,0.0001,111283.8,0.00043,111281.93,0.0,111283.89,0.0001,111281.92,0.0,111285.01,0.0001
2025-09-25 15:40:40.014000,111281.99,0.65981,111282.0,4.49499,111281.98,0.0005,111282.01,0.0,111281.97,0.0001,111282.64,0.38785,111281.53,5e-05,111285.01,0.0001,111281.52,0.00015,111285.23,0.00908
2025-09-25 15:40:41.014000,111281.99,5.4609,111282.0,0.74463,111281.98,0.0002,111282.01,0.00035,111281.97,0.0,111282.06,0.001,111281.64,0.0002,111282.55,0.00488,111281.63,0.00615,111282.6,0.0
2025-09-25 15:40:42.014000,111282.0,14.16131,111282.0,0.0,111281.99,1.81619,111282.01,0.00379,111281.98,0.0001,111282.02,0.0033,111281.63,0.0,111282.06,0.00105,111281.62,5e-05,111283.47,0.0001
2025-09-25 15:40:43.014000,111295.23,7.30558,111282.01,0.0,111295.22,0.0001,111282.02,0.0,111295.17,0.0,111282.06,0.0,111295.12,0.0,111282.07,0.0,111294.66,0.00025,111282.19,0.0
2025-09-25 15:40:44.014000,111295.23,5.97599,111295.24,2.53985,111295.22,0.0001,111295.25,0.0003,111294.66,0.0,111295.29,0.0,111294.65,0.0,111295.3,0.0,111294.64,0.0,111295.32,5e-05
2025-09-25 15:40:45.014000,111295.23,5.41827,111295.24,3.56408,111295.22,0.0001,111295.25,0.0005,111295.16,0.0001,111295.32,0.00015,111294.41,0.0,111295.33,0.01176,111294.4,0.0,111296.08,0.0001
2025-09-25 15:40:46.014000,111295.23,5.54985,111295.24,3.22051,111295.22,0.00025,111295.25,0.0004,111295.21,0.0,111295.33,0.01176,111293.51,0.0002,111296.08,0.0001,111293.5,0.00193,111296.09,0.19583
2025-09-25 15:40:47.014000,111295.23,5.15237,111295.24,3.21988,111295.22,0.0002,111295.25,0.00025,111295.21,0.0,111295.33,0.01176,111293.51,0.0,111296.46,0.00693,111293.5,0.00193,111298.26,0.00315
2025-09-25 15:40:48.014000,111295.23,5.39444,111295.24,1.23692,111295.22,0.0002,111295.25,0.0003,111294.63,0.0002,111295.33,0.01171,111294.62,0.00733,111296.08,5e-05,111294.61,0.0001,111296.09,0.0001
2025-09-25 15:40:49.014000,111295.23,5.31162,111295.24,2.00701,111295.22,0.00218,111295.25,0.0004,111295.21,0.0001,111295.33,0.01171,111294.94,5e-05,111296.1,0.2964,111294.93,0.12824,111296.36,0.04975
2025-09-25 15:40:50.014000,111295.23,5.02146,111295.24,2.74559,111295.22,0.02295,111295.25,0.00025,111295.21,0.0001,111295.33,0.01354,111294.94,0.0,111296.08,0.0001,111294.93,0.0,111296.09,0.23136
2025-09-25 15:40:51.014000,111295.23,4.94995,111295.24,3.03394,111295.22,0.0227,111295.25,0.00025,111294.07,5e-05,111295.33,0.01354,111294.06,0.05878,111295.59,0.0,111294.05,0.0001,111295.6,0.0
2025-09-25 15:40:52.014000,111295.23,5.37984,111295.24,1.74132,111295.22,0.02682,111295.25,0.03121,111294.27,0.0,111295.33,0.01354,111294.07,0.00025,111296.08,5e-05,111294.06,0.24342,111296.09,0.0001
2025-09-25 15:40:53.014000,111295.23,5.24795,111295.24,2.26382,111295.22,0.02677,111301.0,0.06105,111294.07,5e-05,111302.27,0.0674,111294.06,0.17589,111309.15,0.16838,111293.41,0.0,111323.43,0.0
2025-09-25 15:40:54.014000,111295.23,5.23218,111295.24,2.61837,111295.22,0.02682,111295.25,0.03131,111294.11,0.0,111295.31,5e-05,111294.07,5e-05,111295.32,0.02335,111294.06,0.17589,111296.36,0.0498
2025-09-25 15:40:55.014000,111295.23,0.0,111283.25,5.37279,111295.22,0.0,111283.6,0.0,111295.21,0.0,111283.61,0.0,111295.16,0.0,111284.36,5e-05,111294.07,0.0,111284.37,0.05072
2025-09-25 15:40:56.014000,111283.24,3.44993,111283.25,3.38837,111283.23,0.00025,111284.37,0.05067,111283.22,0.0001,111285.01,0.0,111283.05,0.0002,111285.57,0.0,111283.03,0.068,111285.79,0.00015
2025-09-25 15:40:57.014000,111283.24,3.56464,111283.25,3.86676,111283.23,0.0003,111284.37,0.05072,111283.22,0.0001,111285.59,5e-05,111283.15,0.0,111285.6,0.01819,111283.03,0.13835,111285.78,0.0
2025-09-25 15:40:58.014000,111283.24,3.52363,111283.25,3.39282,111283.23,0.0003,111283.26,0.0005,111283.22,0.0,111285.6,0.01819,111283.03,0.05792,111285.78,5e-05,111283.02,0.00015,111285.79,0.28574
2025-09-25 15:40:59.014000,111283.24,4.89281,111283.25,1.04243,111283.23,0.0001,111283.26,0.0089,111283.22,0.0,111284.35,0.0001,111283.09,1.30317,111284.36,0.03476,111283.08,0.05121,111284.37,5e-05
2025-09-25 15:41:00.014000,111295.24,8.72679,111283.25,0.0,111295.23,0.0001,111283.26,0.0,111295.2,5e-05,111283.27,0.0,111295.19,0.06561,111284.35,0.0,111295.18,0.0001,111284.36,0.0
2025-09-25 15:41:01.014000,111312.41,11.8422,111295.25,0.0,111312.4,1.19309,111295.26,0.0,111312.39,0.00193,111295.27,0.0,111312.38,0.0001,111295.31,0.0,111312.2,0.0002,111295.32,0.0
2025-09-25 15:41:02.014000,111318.58,8.86531,111312.42,0.0,111318.57,0.0001,111312.43,0.0,111317.74,0.0,111312.44,0.0,111317.7,5e-05,111313.55,0.0,111317.18,0.00025,111313.56,0.0
2025-09-25 15:41:03.014000,111318.59,10.7529,111318.59,0.0,111318.58,2.50631,111318.6,0.00231,111318.57,0.0001,111318.61,0.00085,111318.48,0.001,111318.62,0.00015,111318.22,0.0002,111318.67,0.0001
2025-09-25 15:41:04.014000,111326.88,9.21006,111318.6,0.0,111326.87,0.0001,111318.61,0.0,111326.58,5e-05,111318.62,0.0,111325.94,0.0,111318.67,0.0,111325.51,0.0002,111319.0,0.0
2025-09-25 15:41:05.014000,111337.32,8.95741,111326.89,0.0,111337.31,0.0001,111326.9,0.0,111337.2,5e-05,111326.91,0.0,111337.08,0.0,111327.09,0.0,111337.07,0.0,111327.1,0.0
2025-09-25 15:41:06.014000,111337.32,7.65952,111337.33,0.94632,111337.31,0.0001,111337.34,0.00095,111337.3,5e-05,111337.35,0.00015,111337.29,5e-05,111337.7,5e-05,111337.28,0.03093,111337.71,0.0
2025-09-25 15:41:07.014000,111337.32,7.78443,111337.33,0.85103,111337.28,0.03098,111337.34,0.00075,111337.2,5e-05,111337.7,0.0,111336.74,0.30735,111338.44,0.0,111336.16,0.29629,111338.52,0.0001
2025-09-25 15:41:08.014000,111337.32,7.77869,111337.33,0.55653,111337.29,5e-05,111337.34,0.00405,111337.28,0.03108,111337.35,0.00015,111337.27,0.0001,111338.52,0.0001,111337.01,0.00025,111339.04,0.00016
2025-09-25 15:41:09.014000,111337.32,7.77845,111337.33,0.59426,111336.74,0.90855,111337.34,0.02891,111336.35,0.0,111338.52,0.0001,111336.17,0.0,111338.84,0.0,111336.16,0.0,111338.85,0.0
2025-09-25 15:41:10.014000,111337.32,7.08103,111337.33,2.19851,111337.28,0.03098,111337.34,0.00395,111337.27,0.0001,111338.15,0.0,111337.01,0.0,111338.52,0.0001,111337.0,0.0,111339.03,0.0001
2025-09-25 15:41:11.014000,111337.32,7.07954,111337.33,2.0865,111335.05,0.0,111337.34,0.004,111335.02,0.6201,111339.06,0.01938,111334.82,0.0,111339.16,0.29628,111334.81,0.0002,111339.35,0.0001
2025-09-25 15:41:12.014000,111337.32,7.24735,111337.33,1.12915,111337.28,0.03098,111337.34,0.004,111337.27,0.0001,111337.35,0.00015,111336.91,0.00015,111337.67,0.00126,111336.9,0.29639,111337.68,0.0001
2025-09-25 15:41:13.014000,111337.32,7.24645,111337.33,0.39717,111337.25,0.0001,111337.34,0.004,111337.01,0.0001,111337.41,0.0001,111337.0,0.0001,111339.04,0.00026,111336.99,0.0,111339.36,0.07836
2025-09-25 15:41:14.014000,111337.32,7.23549,111337.33,0.56977,111337.28,0.03098,111337.34,0.004,111337.27,0.0001,111337.41,0.0,111337.11,0.0001,111337.67,0.00126,111337.1,0.0001,111337.68,0.0001
2025-09-25 15:41:15.014000,111337.32,7.23454,111337.33,0.53248,111337.16,0.0001,111337.34,0.03093,111337.15,0.0001,111337.41,0.0001,111337.14,0.0,111337.67,0.00131,111337.13,0.0,111337.68,0.0001
2025-09-25 15:41:16.023000,111360.58,3.94183,111337.33,0.0,111360.5,0.40114,111337.34,0.0,111360.49,0.2715,111337.35,0.0,111360.3,5e-05,111337.41,0.0,111360.29,0.0,111337.67,0.0
2025-09-25 15:41:17.014000,111360.58,3.00617,111360.59,2.78851,111360.57,0.00015,111360.6,0.0005,111360.56,0.10785,111360.61,0.0001,111360.55,0.02025,111360.78,0.0,111360.54,0.0001,111360.79,0.0
2025-09-25 15:41:18.014000,111360.58,2.48219,111360.59,2.49344,111360.5,0.0201,111360.6,0.0004,111360.01,0.0,111360.61,0.0001,111359.04,0.0,111360.79,0.0001,111358.67,5e-05,111360.8,0.38488
2025-09-25 15:41:19.014000,111360.58,2.40398,111360.59,2.48806,111360.57,0.00065,111360.6,0.0004,111360.56,0.00025,111360.67,0.0001,111360.51,0.00015,111360.79,0.0001,111360.5,0.0201,111360.8,0.34685
2025-09-25 15:41:20.014000,111360.58,2.52609,111360.59,2.43049,111360.57,0.00253,111362.87,0.05099,111360.56,0.18678,111365.03,0.0001,111360.55,0.0201,111365.77,0.0001,111360.54,0.0,111367.17,0.00305
2025-09-25 15:41:21.014000,111360.58,2.52634,111360.59,2.43549,111360.57,0.00248,111365.03,0.0001,111360.56,0.10067,111365.77,0.0001,111360.5,0.02025,111366.34,0.44529,111360.18,0.0001,111366.36,0.06745
2025-09-25 15:41:22.014000,111360.58,0.13644,111360.59,3.91066,111360.57,0.0006,111360.6,0.00693,111360.56,0.00015,111360.79,0.0,111360.55,0.0202,111360.8,0.77767,111360.54,0.0001,111360.81,0.30122
2025-09-25 15:41:23.014000,111360.58,0.0,111360.58,8.5432,111360.57,0.00692,111360.59,0.90767,111360.56,0.01927,111360.6,0.00703,111360.55,0.03832,111360.8,0.0051,111360.54,0.01817,111360.81,0.00505
2025-09-25 15:41:24.014000,111360.57,0.0,111360.56,5.6725,111360.56,0.0,111360.57,0.16086,111360.55,2.59422,111360.58,0.07681,111360.54,0.01907,111360.59,0.02544,111360.53,0.01822,111360.6,0.00183
2025-09-25 15:41:25.014000,111361.32,6.62767,111360.56,0.0,111361.31,0.0001,111360.57,0.0,111361.0,0.0172,111360.58,0.0,111360.95,0.0,111360.59,0.0,111360.61,0.0,111360.6,0.0
2025-09-25 15:41:26.014000,111375.21,9.74989,111361.33,0.0,111375.2,0.02025,111361.34,0.0,111375.19,0.0001,111361.46,0.0,111375.16,5e-05,111361.53,0.0,111375.15,0.02015,111361.65,0.0
2025-09-25 15:41:27.014000,111375.21,9.7484,111375.22,1.54931,111375.19,0.0001,111375.23,0.00055,111375.16,0.00099,111376.0,0.00265,111375.15,0.0202,111379.45,0.24589,111375.14,0.0,111380.0,0.02066
2025-09-25 15:41:28.014000,111375.21,9.98585,111375.22,0.69852,111375.2,0.02025,111375.23,0.07475,111375.01,0.0,111375.26,0.03583,111374.88,0.0,111376.0,0.00255,111374.47,0.0,111379.44,5e-05
2025-09-25 15:41:29.014000,111378.11,8.54265,111375.22,0.0,111378.1,0.0007,111375.23,0.0,111378.09,0.0001,111375.24,0.0,111378.01,0.00015,111375.25,0.0,111378.0,0.01745,111375.26,0.0
2025-09-25 15:41:30.014000,111379.34,8.3754,111378.12,0.0,111379.33,0.0001,111378.13,0.0,111379.04,0.1,111378.14,0.0,111379.03,0.0,111378.2,0.0,111379.0,0.0172,111378.47,0.0
2025-09-25 15:41:31.014000,111379.34,7.61331,111379.35,2.60546,111379.33,0.0001,111379.36,0.0004,111379.32,0.0,111379.37,0.0001,111379.31,5e-05,111379.41,0.0,111379.3,0.02025,111379.44,5e-05
2025-09-25 15:41:32.014000,111379.34,0.0,111379.31,8.25762,111379.33,0.0,111379.32,0.11446,111379.32,0.0,111379.33,0.0001,111379.31,0.0,111379.34,1.76187,111379.3,0.15173,111379.35,1.2535
2025-09-25 15:41:33.014000,111379.3,0.51905,111379.31,7.9888,111379.29,0.00065,111379.33,0.00015,111377.95,5e-05,111379.34,1.76192,111376.84,5e-05,111379.39,0.0001,111375.75,0.0,111379.41,0.02261
2025-09-25 15:41:34.014000,111379.3,0.0,111373.98,6.81426,111379.29,0.0,111373.99,0.0002,111379.28,0.0,111374.03,5e-05,111379.25,0.0,111374.04,0.07412,111379.06,0.0,111374.05,0.0003
2025-09-25 15:41:35.014000,111373.97,0.72833,111373.98,7.16199,111373.96,0.00065,111373.99,0.00025,111373.89,0.0001,111374.0,0.0001,111373.5,0.0,111374.03,0.0,111372.47,0.08321,111374.04,0.00188
2025-09-25 15:41:36.014000,111373.97,0.88071,111373.98,6.81992,111373.96,0.00721,111373.99,0.00025,111372.46,0.06951,111374.0,0.0001,111371.0,0.0612,111374.44,0.31633,111370.79,0.0,111374.45,0.0
2025-09-25 15:41:37.014000,111373.97,1.19279,111373.98,6.61571,111373.96,0.00721,111373.99,0.00025,111372.49,0.0,111374.0,0.0001,111372.47,0.16233,111374.45,0.0,111372.46,0.07077,111375.17,0.29618
2025-09-25 15:41:38.014000,111373.97,0.0,111371.01,7.54949,111373.96,0.0,111371.02,0.0001,111373.95,0.0,111371.03,0.0,111373.89,0.0,111371.07,0.0,111372.48,0.0,111371.27,0.70061
2025-09-25 15:41:39.014000,111371.0,3.29832,111371.01,4.37834,111370.99,0.001,111371.26,5e-05,111370.16,0.0,111371.27,0.30129,111367.94,0.00085,111372.04,5e-05,111367.93,0.0001,111372.05,0.94819
2025-09-25 15:41:40.014000,111371.0,4.09789,111371.01,1.35705,111370.99,0.0001,111371.02,0.0879,111370.98,0.0,111371.03,0.0001,111370.0,0.0002,111371.26,0.0,111369.1,0.0,111371.27,0.0
2025-09-25 15:41:41.014000,111371.0,4.0757,111371.01,1.34204,111370.99,0.00015,111371.02,0.0878,111370.93,0.0001,111371.09,0.0001,111370.92,0.0001,111373.26,0.0,111370.0,0.0001,111373.49,0.0
2025-09-25 15:41:42.014000,111373.97,11.82684,111371.01,0.0,111373.96,3.22488,111371.02,0.0,111373.95,0.0001,111371.03,0.0,111373.9,0.0001,111371.09,0.0,111373.89,0.12814,111371.54,0.0
2025-09-25 15:41:43.014000,111393.99,7.87512,111373.98,0.0,111393.98,0.0001,111373.99,0.0,111393.92,0.0,111374.0,0.0,111393.85,0.0,111375.65,0.0,111393.77,8.92064,111375.66,0.0
2025-09-25 15:41:44.014000,111401.25,5.26943,111394.0,0.0,111401.24,0.00015,111394.01,0.0,111401.23,0.01822,111394.02,0.0,111401.22,0.30722,111394.04,0.0,111401.21,0.0001,111394.11,0.0
2025-09-25 15:41:45.014000,111401.25,0.77414,111401.26,3.90745,111401.23,0.01827,111401.27,0.0001,111401.22,0.01822,111401.28,0.0,111401.21,0.0001,111401.34,0.0001,111401.19,0.0,111401.41,0.0
2025-09-25 15:41:46.014000,111401.25,0.0,111389.75,5.28318,111401.24,0.0,111389.76,0.0001,111401.23,0.0,111389.77,0.0,111401.22,0.0,111390.08,0.0,111401.21,0.0,111390.1,0.0
2025-09-25 15:41:47.014000,111389.74,0.0,111387.52,7.45063,111389.73,0.0,111387.53,0.0001,111389.72,0.0,111387.57,0.0,111389.67,0.0,111387.58,0.0,111388.98,0.0,111387.59,0.0
2025-09-25 15:41:48.014000,111387.51,1.7939,111387.52,6.21876,111387.5,0.03983,111389.31,0.0001,111387.49,0.01827,111389.7,5e-05,111387.48,0.01807,111389.71,0.29012,111386.85,0.0001,111389.72,0.0001
2025-09-25 15:41:49.014000,111387.51,0.0,111387.51,9.64838,111387.5,0.58225,111387.52,2.14374,111387.49,0.01917,111387.53,0.0001,111387.48,0.01817,111387.6,0.0001,111387.47,0.0001,111388.0,0.0174
2025-09-25 15:41:50.014000,111387.5,0.42903,111387.51,10.09573,111387.49,0.01917,111387.52,1.48457,111387.48,0.01817,111388.0,0.01745,111387.42,0.0001,111389.71,0.0,111386.1,0.00183,111389.74,5e-05
2025-09-25 15:41:51.014000,111387.5,2.82733,111387.51,6.46157,111387.49,0.01852,111387.52,0.57401,111387.48,0.01817,111387.53,0.0001,111384.81,0.07824,111387.9,0.0,111384.0,0.00205,111388.0,5e-05
2025-09-25 15:41:52.014000,111387.5,3.97675,111387.51,0.62681,111387.49,0.01822,111387.52,0.09094,111387.48,0.01822,111387.53,0.0001,111387.47,0.0001,111387.6,0.0,111387.43,0.0001,111388.0,0.0
2025-09-25 15:41:53.014000,111387.5,2.65013,111387.51,2.39253,111387.49,0.01827,111387.52,0.02779,111387.48,0.01817,111387.53,0.0001,111387.47,0.0001,111388.02,0.0001,111387.43,0.0,111388.03,0.23273
2025-09-25 15:41:54.014000,111387.5,2.03323,111387.51,3.33279,111387.49,0.01862,111387.52,0.02764,111387.43,0.0,111387.9,5e-05,111386.27,5e-05,111389.29,0.00043,111386.26,0.0001,111389.75,0.00713
2025-09-25 15:41:55.014000,111387.5,0.0,111376.82,6.79356,111387.49,0.0,111376.83,0.08832,111387.48,0.0,111376.84,0.0001,111387.47,0.0,111376.86,0.0,111387.42,0.0,111376.87,0.0
2025-09-25 15:41:56.014000,111376.81,0.38525,111376.82,6.95987,111376.8,0.0011,111376.83,0.08837,111376.79,0.01822,111376.97,5e-05,111376.78,0.01797,111376.98,0.80155,111376.35,0.00305,111377.0,0.01735
2025-09-25 15:41:57.014000,111376.81,0.0,111376.36,7.61821,111376.8,0.0,111376.37,0.0001,111376.79,0.0,111376.41,5e-05,111376.78,0.0,111376.42,0.00025,111376.77,0.0,111376.43,0.0001
2025-09-25 15:41:58.014000,111376.35,0.0,111370.91,5.95823,111376.34,0.0,111370.92,1.4421,111376.33,0.0,111370.93,9.6129,111376.0,0.0,111370.94,0.5637,111375.99,0.0,111370.95,0.0001
2025-09-25 15:41:59.014000,111370.9,0.0,111367.99,8.3463,111370.89,0.0,111368.0,5.31789,111370.88,0.0,111368.01,1.0318,111370.75,0.0,111368.02,0.0001,111370.16,0.0,111368.06,0.0
2025-09-25 15:42:00.033000,111367.98,0.0,111330.3,4.39255,111367.97,0.0,111330.31,0.0001,111367.96,0.0,111330.36,0.0,111367.4,0.0,111331.69,0.102,111365.92,0.0,111331.7,0.0051
2025-09-25 15:42:01.014000,111330.29,3.64608,111330.3,1.9109,111330.28,0.02097,111330.31,0.08244,111330.27,0.01808,111330.32,0.0001,111330.22,0.0001,111330.38,0.0001,111330.0,0.0001,111331.65,0.0001
2025-09-25 15:42:02.014000,111330.29,2.12525,111330.3,3.14554,111330.28,0.02137,111330.31,0.0001,111330.27,0.01833,111330.32,0.0,111330.26,0.01818,111330.52,0.00193,111330.25,0.01823,111330.53,0.0001
2025-09-25 15:42:03.014000,111330.29,2.77106,111330.3,3.04405,111330.28,0.02147,111330.31,0.0001,111330.27,0.05742,111330.34,5e-05,111330.24,0.01808,111330.35,0.0202,111330.23,5e-05,111330.36,0.0001
2025-09-25 15:42:04.014000,111330.29,2.52112,111330.3,3.04076,111330.28,0.01908,111330.52,0.00188,111330.22,0.01823,111331.0,5e-05,111330.21,0.03606,111331.32,0.06523,111330.2,0.01892,111331.99,0.0
2025-09-25 15:42:05.014000,111330.29,2.15253,111330.3,2.97292,111330.28,0.01908,111331.32,0.06523,111330.22,0.01823,111331.96,0.0009,111330.21,0.03606,111332.94,5e-05,111330.2,0.01892,111332.95,1.77755
2025-09-25 15:42:06.014000,111330.29,2.27793,111330.3,3.32263,111330.28,0.04934,111330.35,0.0202,111330.22,0.01823,111330.52,0.00188,111330.0,0.0,111330.53,0.0001,111328.01,0.0,111330.95,0.0
2025-09-25 15:42:07.014000,111330.29,3.22709,111330.3,1.34015,111330.28,0.04939,111330.31,0.00344,111330.27,0.1628,111330.32,0.0001,111330.22,0.01833,111330.33,0.0,111330.21,0.03601,111330.35,0.0202
2025-09-25 15:42:08.014000,111330.29,3.08618,111330.3,2.5739,111330.28,0.04919,111330.31,0.00339,111330.27,0.09861,111330.35,0.0202,111330.22,0.01818,111330.36,0.0001,111330.21,0.03606,111331.0,0.0
2025-09-25 15:42:09.014000,111330.29,2.61439,111330.3,2.23063,111330.28,0.04914,111330.31,0.00339,111330.27,0.09861,111333.06,0.32317,111330.22,0.01828,111334.83,0.0,111330.21,0.03606,111334.84,0.0
2025-09-25 15:42:10.014000,111330.29,3.25046,111330.3,2.31133,111330.28,0.05238,111330.31,0.00025,111330.27,0.16238,111330.32,0.0,111330.22,0.01828,111331.97,0.0001,111330.21,0.03606,111332.37,0.28497
2025-09-25 15:42:11.014000,111330.29,3.21088,111330.3,1.94047,111330.28,0.05233,111330.35,0.0203,111330.27,0.38798,111332.37,0.10763,111330.26,0.01813,111333.06,0.32322,111330.25,0.01818,111335.06,5e-05
2025-09-25 15:42:12.014000,111330.29,2.57755,111330.3,2.49817,111330.28,0.05233,111334.46,5e-05,111330.22,0.01818,111335.08,0.06524,111330.2,0.01892,111335.19,0.0001,111330.0,0.0002,111335.2,0.22084
2025-09-25 15:42:13.014000,111330.29,0.39501,111330.3,5.6277,111330.28,0.04919,111330.31,0.01821,111330.27,0.01833,111330.32,0.0001,111330.26,0.01818,111330.34,0.0,111330.25,0.01823,111330.35,0.0203
2025-09-25 15:42:14.014000,111330.29,0.0,111330.29,12.56043,111330.28,0.00275,111330.3,2.40454,111330.27,0.01923,111330.31,0.03568,111330.26,0.01828,111330.34,0.0,111330.25,0.01922,111330.35,0.02015
2025-09-25 15:42:15.014000,111330.28,0.00223,111330.29,12.08745,111330.27,0.03721,111330.3,2.10765,111330.22,0.01818,111332.07,0.00043,111326.78,0.0,111333.0,0.0173,111324.78,0.0,111333.04,0.0
2025-09-25 15:42:16.014000,111330.28,2.49318,111330.29,6.60599,111330.27,0.03721,111330.3,2.10765,111330.26,0.03626,111330.35,0.0201,111330.24,0.01828,111331.0,5e-05,111330.23,0.1466,111332.37,0.0
2025-09-25 15:42:17.014000,111330.28,2.58965,111330.29,7.08847,111330.27,0.03731,111330.3,2.10765,111330.23,0.14658,111330.35,0.0201,111330.21,0.03616,111331.95,0.00183,111330.2,0.01902,111332.07,0.0
2025-09-25 15:42:18.014000,111330.28,2.58131,111330.29,6.23079,111330.27,0.03726,111330.3,2.10765,111330.22,0.01813,111330.35,0.0201,111330.21,0.03606,111331.95,0.00178,111330.2,0.01902,111332.66,0.0
2025-09-25 15:42:19.014000,111330.28,3.64207,111330.29,2.73271,111330.27,0.03691,111330.3,2.10617,111330.23,0.23631,111331.0,0.0,111330.22,0.01813,111331.41,0.04997,111330.21,0.03611,111331.95,0.0
2025-09-25 15:42:20.014000,111330.28,2.08211,111330.29,4.20279,111330.27,0.01863,111330.3,2.10587,111330.26,0.03621,111330.35,0.0202,111330.25,0.00109,111331.39,5e-05,111330.24,0.00015,111331.4,0.10763
2025-09-25 15:42:21.014000,111330.28,2.08461,111330.29,5.49017,111330.27,0.01903,111332.07,0.00043,111330.26,0.03621,111332.79,5e-05,111330.25,0.00109,111334.79,5e-05,111330.24,0.01828,111334.8,1.13891
2025-09-25 15:42:22.014000,111330.28,1.58773,111330.29,6.40476,111330.27,0.01908,111334.79,5e-05,111330.18,0.01808,111334.8,1.13891,111328.63,0.06631,111335.54,5e-05,111325.0,0.0,111335.86,0.0674
2025-09-25 15:42:23.014000,111330.28,2.24917,111330.29,5.93089,111330.27,0.01908,111334.01,0.00043,111328.63,0.14694,111335.54,5e-05,111328.01,0.0002,111337.44,5e-05,111327.02,0.0,111338.58,0.0341
2025-09-25 15:42:24.014000,111330.28,2.11125,111330.29,5.59229,111330.27,0.01908,111330.3,0.10592,111330.2,0.00104,111330.34,5e-05,111330.19,0.01808,111331.4,0.10768,111330.0,0.0,111332.67,5e-05
2025-09-25 15:42:25.014000,111330.28,2.1139,111330.29,5.60901,111330.27,0.01908,111330.91,0.00898,111328.92,0.00025,111338.58,0.03415,111328.63,0.14693,111340.04,0.0,111328.01,0.0,111340.97,0.05835
2025-09-25 15:42:26.014000,111330.28,2.24653,111330.29,5.59395,111330.27,0.01903,111330.3,0.10597,111330.21,0.03601,111330.31,0.03254,111330.0,0.0,111330.35,0.02025,111328.92,5e-05,111330.9,0.0001
2025-09-25 15:42:27.014000,111330.28,3.29179,111330.29,5.27479,111330.27,0.01908,111331.41,0.05007,111330.21,0.03601,111332.67,0.0,111330.01,0.0,111332.68,0.0,111330.0,0.0,111334.01,0.0
2025-09-25 15:42:28.014000,111330.28,2.82253,111330.29,3.97177,111330.27,0.01893,111331.41,0.05002,111330.21,0.03606,111335.86,0.0,111330.18,0.01808,111337.36,0.0,111330.0,0.0,111338.58,0.0342
2025-09-25 15:42:29.014000,111330.28,2.63201,111330.29,4.31586,111330.27,0.01898,111330.3,0.111,111330.0,0.0002,111335.32,0.0,111329.0,5e-05,111361.78,0.02696,111328.92,5e-05,111480.44,0.0
2025-09-25 15:42:30.014000,111330.28,2.60631,111330.29,3.85897,111330.27,0.01893,111331.41,0.05012,111330.21,0.03616,111332.8,0.32317,111330.2,0.16716,111333.65,5e-05,111330.19,0.01803,111333.66,0.0667
2025-09-25 15:42:31.014000,111330.28,0.05015,111330.29,5.10197,111330.27,0.01888,111330.3,0.1109,111330.21,0.03611,111330.34,0.0,111330.2,0.00104,111331.39,0.0,111330.19,0.01808,111331.4,0.10763
2025-09-25 15:42:32.014000,111330.28,0.01709,111330.29,6.84907,111330.27,0.01893,111330.3,0.14182,111330.2,0.00094,111330.34,5e-05,111330.18,0.01803,111330.35,0.02025,111330.11,0.0,111330.91,0.00908
2025-09-25 15:42:33.014000,111330.28,0.0,111330.27,8.6592,111330.27,0.0,111330.28,2.55648,111330.26,0.67012,111330.29,3.04147,111330.25,0.02022,111330.3,0.15931,111330.24,0.01838,111330.31,0.03244
2025-09-25 15:42:34.014000,111330.26,2.11483,111330.27,7.21543,111330.25,0.02017,111330.28,0.94008,111330.23,0.01813,111330.29,2.46789,111330.21,0.03616,111330.91,0.00903,111330.2,0.1226,111331.0,0.0
2025-09-25 15:42:35.014000,111330.26,2.55677,111330.27,7.21156,111330.25,0.0382,111330.28,0.9464,111330.21,0.03626,111331.93,0.0009,111330.2,0.22793,111331.96,0.0,111330.19,0.01803,111333.93,5e-05
2025-09-25 15:42:36.014000,111330.26,3.77419,111330.27,1.4752,111330.25,0.03903,111330.28,0.69083,111330.24,0.01833,111330.29,2.11707,111330.23,0.01813,111330.3,0.09422,111330.22,0.01823,111330.35,0.02015
2025-09-25 15:42:37.014000,111330.26,2.19342,111330.27,3.76517,111330.25,0.0376,111330.28,1.21496,111330.24,0.01833,111330.35,0.0201,111330.23,0.01813,111331.34,0.0001,111330.21,0.03606,111331.35,0.0001
2025-09-25 15:42:38.014000,111330.26,0.37589,111330.27,3.44972,111330.25,0.03755,111330.28,1.21491,111330.22,0.01828,111330.29,2.11702,111330.18,0.01803,111330.3,0.09417,111329.55,0.0,111331.38,0.0
2025-09-25 15:42:39.014000,111330.26,0.76968,111330.27,2.99666,111330.25,0.03745,111333.98,0.06522,111330.24,0.0001,111333.99,5e-05,111330.23,0.0,111334.15,0.00043,111330.22,0.0001,111334.55,0.0
2025-09-25 15:42:40.014000,111330.26,3.10106,111330.27,0.84331,111330.25,0.0377,111330.28,0.0086,111330.24,0.0001,111330.29,0.11707,111330.23,5e-05,111330.3,0.09422,111330.22,0.01818,111330.34,5e-05
2025-09-25 15:42:41.014000,111330.26,3.96173,111330.27,0.50286,111330.25,0.0373,111330.28,0.07431,111330.24,0.00015,111330.29,0.11712,111330.23,0.01823,111330.3,0.09427,111330.22,0.01813,111330.34,5e-05
2025-09-25 15:42:42.014000,111330.26,4.1631,111330.27,0.12695,111330.25,0.0373,111330.28,0.00687,111330.24,0.0001,111330.35,0.0201,111330.23,0.01818,111330.58,0.0,111330.22,0.01808,111330.59,0.0
2025-09-25 15:42:43.014000,111330.26,3.59729,111330.27,0.09021,111330.19,0.0001,111330.28,0.00677,111329.21,0.60079,111330.35,0.0201,111328.0,0.01955,111330.93,0.0,111327.81,0.04,111330.94,0.0
2025-09-25 15:42:44.014000,111330.26,3.34744,111330.27,0.60923,111330.25,0.0519,111330.28,0.00697,111330.24,0.00015,111330.35,0.02005,111330.23,0.01823,111331.21,0.0,111330.22,0.01813,111333.05,0.00188
2025-09-25 15:42:45.014000,111330.26,3.48449,111330.27,0.75956,111330.18,0.03606,111330.28,0.00706,111330.16,5e-05,111330.35,0.0203,111330.01,5e-05,111330.72,0.0001,111329.89,0.04989,111330.73,0.07832
2025-09-25 15:42:46.014000,111330.26,3.34488,111330.27,1.55206,111330.25,0.06233,111330.28,0.28158,111330.18,0.03606,111330.29,0.11712,111330.16,5e-05,111330.34,0.0,111330.15,0.01808,111330.35,0.02015
2025-09-25 15:42:47.014000,111330.26,2.84139,111330.27,2.87444,111330.25,0.06238,111330.28,0.28158,111330.21,0.01838,111330.31,0.03249,111330.17,0.01813,111330.34,0.01797,111330.15,0.01803,111330.72,0.00022
2025-09-25 15:42:48.014000,111330.26,0.46225,111330.27,4.16714,111330.25,0.06248,111330.28,1.11155,111330.21,0.01828,111330.29,0.18442,111330.19,0.0002,111330.3,0.09417,111330.17,0.01803,111330.35,0.0202
2025-09-25 15:42:49.014000,111330.26,0.11348,111330.27,4.1504,111330.25,0.06243,111330.28,1.1115,111330.15,0.01803,111330.99,0.0001,111328.01,0.0,111331.16,0.0,111327.21,0.0,111331.37,0.0
2025-09-25 15:42:50.014000,111330.26,0.39642,111330.27,4.54342,111330.25,0.06253,111330.28,1.1115,111330.19,0.0001,111330.29,0.18442,111330.11,5e-05,111331.37,5e-05,111326.76,0.00018,111332.0,0.00043
2025-09-25 15:42:51.014000,111330.26,0.0,111318.01,7.3947,111330.25,0.0,111318.02,0.0001,111330.24,0.0,111318.05,0.02,111330.23,0.0,111318.07,0.0,111330.22,0.0,111318.1,0.02
2025-09-25 15:42:52.014000,111318.0,0.0,111309.55,6.82401,111317.99,0.0,111309.56,0.0001,111317.98,0.0,111309.61,0.0,111317.87,0.0,111309.72,5e-05,111317.62,0.0,111309.9,5e-05
2025-09-25 15:42:53.014000,111309.54,0.483,111309.55,7.80737,111309.53,0.001,111309.56,0.0001,111309.52,0.0001,111309.59,5e-05,111309.43,0.0,111309.6,0.02025,111309.18,0.0,111309.61,0.0001
2025-09-25 15:42:54.014000,111309.54,0.49143,111309.55,7.50361,111309.53,0.00095,111313.43,0.0,111309.52,0.0001,111314.52,0.00044,111309.51,5e-05,111314.81,0.0,111309.5,0.01828,111315.92,0.0
2025-09-25 15:42:55.014000,111309.54,2.61247,111309.55,6.23418,111309.53,0.00095,111309.56,0.0003,111309.52,0.0002,111309.6,0.0202,111309.51,0.03626,111309.61,0.0001,111309.5,0.15444,111309.88,0.0
2025-09-25 15:42:56.014000,111309.54,3.10027,111309.55,6.30992,111309.53,0.001,111309.56,0.0004,111309.52,0.01828,111309.57,0.0,111309.5,0.2522,111309.6,0.02025,111309.49,0.01818,111309.61,0.00188
2025-09-25 15:42:57.014000,111318.0,11.12546,111309.55,0.0,111317.99,0.11487,111309.56,0.0,111317.17,0.3759,111309.57,0.0,111317.15,8.43736,111309.59,0.0,111317.14,0.98457,111309.6,0.0
2025-09-25 15:42:58.014000,111318.0,8.44637,111318.01,2.15693,111317.99,0.11487,111318.02,0.00065,111317.98,0.0001,111318.03,0.0001,111317.8,0.0,111318.39,0.0,111317.7,5e-05,111318.41,0.0001
2025-09-25 15:42:59.014000,111318.0,8.44081,111318.01,1.95076,111317.99,0.11487,111318.02,0.00065,111317.98,0.0001,111318.41,0.06665,111317.94,0.0,111319.52,0.0001,111317.49,0.0001,111319.53,0.0
2025-09-25 15:43:00.014000,111318.0,11.56223,111318.01,0.0365,111317.99,0.11487,111318.02,0.00663,111317.98,0.0001,111318.03,0.0001,111317.95,0.0001,111318.4,0.0,111317.94,0.04896,111318.41,0.0
2025-09-25 15:43:01.014000,111355.42,3.86463,111318.01,0.0,111355.41,0.0001,111318.02,0.0,111355.04,5e-05,111318.03,0.0,111355.03,0.16049,111318.98,0.0,111355.02,0.00015,111319.98,0.0
2025-09-25 15:43:02.014000,111355.42,4.87237,111355.43,0.23847,111355.13,0.0001,111355.44,0.0005,111355.12,0.0001,111356.0,0.00225,111355.11,0.0,111356.54,5e-05,111355.1,0.0,111356.55,0.0
2025-09-25 15:43:03.014000,111366.55,9.90206,111355.43,0.0,111366.54,0.0001,111355.44,0.0,111366.18,0.00015,111355.45,0.0,111366.17,0.0001,111355.73,0.0,111366.16,0.0001,111355.74,0.0
2025-09-25 15:43:04.014000,111373.89,11.20416,111366.56,0.0,111373.88,0.0001,111366.57,0.0,111373.84,0.0,111366.58,0.0,111373.83,0.0,111367.4,0.0,111373.43,0.0,111367.98,0.0
2025-09-25 15:43:05.014000,111373.89,9.52521,111373.9,2.61817,111373.83,0.0001,111373.91,0.2972,111373.82,0.0001,111373.98,0.0002,111373.03,0.0001,111373.99,0.12057,111373.02,0.0,111374.0,0.06115
2025-09-25 15:43:06.014000,111373.89,8.35444,111373.9,2.6129,111373.88,0.03111,111373.91,0.2971,111373.87,0.0001,111374.0,0.0611,111372.97,0.0,111374.8,0.0,111372.96,0.0001,111375.57,0.0009
2025-09-25 15:43:07.014000,111373.89,8.37754,111373.9,2.68798,111373.88,0.03131,111373.91,0.2971,111373.87,0.0001,111376.69,0.01801,111373.82,0.00095,111377.1,0.00408,111373.81,0.0001,111378.27,0.0001
2025-09-25 15:43:08.014000,111373.89,4.88484,111373.9,3.34679,111371.6,0.0,111373.91,0.29705,111371.39,0.14654,111374.0,0.0611,111370.51,0.0,111376.23,0.00178,111370.48,0.0,111376.69,0.0001
2025-09-25 15:43:09.014000,111373.89,4.88466,111373.9,2.39257,111373.88,0.03126,111373.91,0.00065,111373.81,0.0001,111373.92,0.0001,111373.55,0.00015,111373.98,0.00015,111373.54,0.2962,111373.99,0.0001
2025-09-25 15:43:10.014000,111379.99,9.57885,111373.9,0.0,111379.98,0.0001,111373.91,0.0,111379.93,0.0,111373.92,0.0,111379.92,0.0,111373.98,0.0,111379.04,0.0,111373.99,0.0
2025-09-25 15:43:11.014000,111383.23,3.48959,111380.0,0.0,111383.22,0.0001,111380.01,0.0,111382.78,5e-05,111380.02,0.0,111382.67,0.0,111380.08,0.0,111382.66,0.0,111380.8,0.0
2025-09-25 15:43:12.014000,111383.23,3.56429,111383.24,2.96697,111381.68,0.14524,111383.25,0.00075,111381.67,0.09728,111385.03,0.02158,111381.66,0.0001,111385.22,0.00015,111380.17,0.0,111385.23,0.07833
2025-09-25 15:43:13.014000,111383.23,3.56383,111383.24,3.22731,111383.22,0.0003,111394.35,0.06507,111383.21,0.0001,111397.74,0.0,111383.2,0.0001,111400.63,1.71464,111383.19,0.01837,111400.65,0.0
2025-09-25 15:43:14.014000,111383.23,3.60663,111383.24,3.27731,111383.22,0.0005,111390.61,0.0015,111383.21,0.01827,111390.85,5e-05,111383.2,0.01817,111395.7,5e-05,111383.19,0.01827,111396.7,0.0
2025-09-25 15:43:15.014000,111383.23,3.60631,111383.24,3.04511,111381.67,0.09703,111383.25,0.00075,111380.08,0.0,111387.74,0.32302,111380.06,0.29608,111388.79,5e-05,111379.99,5e-05,111388.8,5e-05
2025-09-25 15:43:16.014000,111383.23,3.10658,111383.24,4.05462,111383.22,0.00055,111383.25,0.00075,111383.21,0.01832,111384.0,0.0023,111383.2,0.01827,111384.28,0.29617,111383.17,0.01802,111384.35,0.00015
2025-09-25 15:43:17.014000,111383.23,3.91798,111383.24,3.57878,111383.22,0.0006,111383.25,0.00075,111383.16,0.19046,111383.26,0.0,111383.12,0.01807,111383.32,0.0001,111382.11,0.0,111383.62,5e-05
2025-09-25 15:43:18.014000,111383.23,3.96183,111383.24,1.41093,111383.22,0.00055,111383.6,0.0,111383.12,0.01802,111383.62,0.0,111382.39,0.0,111384.26,0.00015,111380.84,0.04005,111384.27,0.00025
2025-09-25 15:43:19.014000,111383.23,3.12052,111383.24,3.2094,111383.22,0.0006,111383.25,0.0007,111383.17,0.01807,111383.74,0.00178,111383.16,0.09337,111383.85,0.00015,111383.12,0.01802,111383.86,0.23853
2025-09-25 15:43:20.014000,111383.23,0.62221,111383.24,4.48089,111383.22,0.00115,111383.25,0.00188,111383.2,0.01817,111383.39,0.0,111383.19,0.01817,111383.84,0.0001,111383.17,0.01807,111383.85,1.30322
2025-09-25 15:43:21.014000,111383.23,0.67125,111383.24,4.48208,111383.22,0.00075,111383.25,0.00178,111383.2,0.01832,111383.84,0.0001,111383.19,0.10844,111383.85,1.30322,111380.01,0.0002,111383.86,1.41796
2025-09-25 15:43:22.014000,111383.23,1.15036,111383.24,4.47677,111383.22,0.00075,111383.25,0.00188,111383.19,0.10844,111383.7,0.0001,111383.15,0.03599,111383.71,0.06515,111383.14,0.01802,111383.82,0.0001
2025-09-25 15:43:23.014000,111394.37,7.34093,111383.24,0.0,111394.36,0.0309,111383.25,0.0,111394.35,0.02025,111383.32,0.0,111394.34,0.0001,111383.4,0.0,111394.32,0.0001,111383.5,0.0
2025-09-25 15:43:24.014000,111394.37,8.15624,111394.38,0.39873,111394.36,0.0308,111394.39,0.0005,111394.31,0.0,111395.27,0.0,111394.3,0.02015,111396.0,0.00245,111394.26,0.0001,111396.28,0.0
2025-09-25 15:43:25.014000,111394.37,8.40985,111394.38,0.31903,111394.3,0.02015,111394.39,0.00075,111394.25,0.48177,111394.63,0.0,111394.0,0.0173,111396.0,0.0024,111393.87,0.02005,111396.34,0.0
2025-09-25 15:43:26.014000,111401.74,11.42213,111394.38,0.0,111401.73,0.00025,111394.39,0.0,111401.71,0.0001,111394.99,0.0,111401.7,0.02035,111395.43,0.0,111401.69,0.0001,111395.44,0.0
2025-09-25 15:43:27.014000,111401.74,9.88164,111401.75,0.30596,111401.73,0.0001,111401.76,0.00065,111401.72,0.0,111401.83,0.00015,111401.67,0.0001,111401.94,0.00022,111401.64,0.0001,111401.95,0.0001
2025-09-25 15:43:28.014000,111401.74,10.65879,111401.75,0.01726,111401.71,0.0,111401.76,0.00065,111401.66,0.0,111401.83,0.00015,111401.65,0.0204,111401.91,5e-05,111401.64,0.0001,111401.92,0.0
2025-09-25 15:43:29.014000,111408.97,9.50208,111401.75,0.0,111408.96,0.44839,111401.76,0.0,111408.95,0.02025,111401.83,0.0,111408.94,0.0001,111401.91,0.0,111408.91,0.0001,111401.94,0.0
2025-09-25 15:43:30.014000,111408.97,8.85352,111408.98,0.38146,111408.96,0.45215,111408.99,0.00075,111408.89,0.0001,111409.0,0.00038,111408.85,0.02999,111409.06,0.0001,111408.84,0.0,111409.09,5e-05
