timestamp,price,high,low,volume
2025-09-26 07:50:42.026000,109054.12,112246.46,108631.51,20311.2368
2025-09-26 07:50:43.025000,109054.12,112246.46,108631.51,20310.72272
2025-09-26 07:50:44.025000,109054.11,112246.46,108631.51,20310.75267
2025-09-26 07:50:45.025000,109054.11,112246.46,108631.51,20310.74276
2025-09-26 07:50:46.025000,109054.12,112246.46,108631.51,20310.45896
2025-09-26 07:50:47.025000,109054.12,112246.46,108631.51,20310.44961
2025-09-26 07:50:48.026000,109054.12,112246.46,108631.51,20310.45181
2025-09-26 07:50:49.025000,109054.12,112246.46,108631.51,20310.76727
2025-09-26 07:50:50.025000,109054.12,112246.46,108631.51,20310.77696
2025-09-26 07:50:51.026000,109054.11,112246.46,108631.51,20310.95605
2025-09-26 07:50:52.025000,109057.07,112246.46,108631.51,20314.28568
2025-09-26 07:50:53.025000,109057.06,112246.46,108631.51,20314.57657
2025-09-26 07:50:54.025000,109057.07,112246.46,108631.51,20314.59926
2025-09-26 07:50:55.025000,109057.07,112246.46,108631.51,20314.67405
2025-09-26 07:50:56.025000,109057.06,112246.46,108631.51,20314.66244
2025-09-26 07:50:57.025000,109057.85,112246.46,108631.51,20315.94262
2025-09-26 07:50:58.025000,109057.84,112246.46,108631.51,20316.1155
2025-09-26 07:50:59.025000,109057.84,112246.46,108631.51,20316.12882
2025-09-26 07:51:00.025000,109057.85,112246.46,108631.51,20316.17168
2025-09-26 07:51:01.025000,109057.85,112246.46,108631.51,20316.59035
2025-09-26 07:51:02.025000,109057.85,112246.46,108631.51,20319.04326
2025-09-26 07:51:03.026000,109057.85,112246.46,108631.51,20319.02025
2025-09-26 07:51:04.025000,109057.85,112246.46,108631.51,20319.36723
2025-09-26 07:51:05.014000,109057.84,112246.46,108631.51,20319.39661
2025-09-26 07:51:06.025000,109057.84,112246.46,108631.51,20319.35389
2025-09-26 07:51:07.025000,109057.85,112246.46,108631.51,20319.78085
2025-09-26 07:51:08.025000,109057.85,112246.46,108631.51,20320.0449
2025-09-26 07:51:09.025000,109057.84,112246.46,108631.51,20320.14587
2025-09-26 07:51:10.026000,109057.85,112246.46,108631.51,20320.18252
2025-09-26 07:51:11.025000,109057.85,112246.46,108631.51,20320.17693
2025-09-26 07:51:12.026000,109057.85,112246.46,108631.51,20320.89215
2025-09-26 07:51:13.026000,109063.99,112246.46,108631.51,20322.03482
2025-09-26 07:51:14.025000,109063.99,112246.46,108631.51,20323.50778
2025-09-26 07:51:15.025000,109063.99,112246.46,108631.51,20323.50747
2025-09-26 07:51:16.025000,109064.0,112246.46,108631.51,20323.82546
2025-09-26 07:51:17.026000,109064.0,112246.46,108631.51,20323.84488
2025-09-26 07:51:18.025000,109063.99,112246.46,108631.51,20323.88662
2025-09-26 07:51:19.026000,109064.0,112246.46,108631.51,20324.2234
2025-09-26 07:51:20.025000,109064.0,112246.46,108631.51,20324.30006
2025-09-26 07:51:21.025000,109064.0,112246.46,108631.51,20324.33338
2025-09-26 07:51:22.014000,109064.0,112246.46,108631.51,20328.00213
2025-09-26 07:51:23.026000,109063.99,112246.46,108631.51,20328.53524
2025-09-26 07:51:24.014000,109063.99,112246.46,108631.51,20331.56224
2025-09-26 07:51:25.025000,109063.99,112246.46,108631.51,20331.55356
2025-09-26 07:51:26.026000,109064.0,112246.46,108631.51,20331.49668
2025-09-26 07:51:27.026000,109063.99,112246.46,108631.51,20332.37328
2025-09-26 07:51:28.026000,109078.85,112246.46,108631.51,20336.09804
2025-09-26 07:51:29.026000,109089.65,112246.46,108631.51,20337.53093
2025-09-26 07:51:30.014000,109089.66,112246.46,108631.51,20338.85008
2025-09-26 07:51:31.026000,109089.66,112246.46,108631.51,20341.13796
2025-09-26 07:51:32.014000,109099.06,112246.46,108631.51,20342.56531
2025-09-26 07:51:33.026000,109099.06,112246.46,108631.51,20342.58707
2025-09-26 07:51:34.026000,109086.95,112246.46,108631.51,20349.02306
2025-09-26 07:51:35.025000,109086.95,112246.46,108631.51,20349.22229
2025-09-26 07:51:36.025000,109086.95,112246.46,108631.51,20349.3382
2025-09-26 07:51:37.014000,109083.4,112246.46,108631.51,20350.52419
2025-09-26 07:51:38.025000,109079.66,112246.46,108631.51,20351.22864
2025-09-26 07:51:39.025000,109064.0,112246.46,108631.51,20352.71523
2025-09-26 07:51:40.026000,109060.0,112246.46,108631.51,20353.69429
2025-09-26 07:51:41.026000,109057.84,112246.46,108631.51,20353.78494
2025-09-26 07:51:42.025000,109057.84,112246.46,108631.51,20354.5025
2025-09-26 07:51:43.026000,109057.84,112246.46,108631.51,20353.51272
2025-09-26 07:51:44.026000,109057.85,112246.46,108631.51,20356.00584
2025-09-26 07:51:45.026000,109057.85,112246.46,108631.51,20355.96641
2025-09-26 07:51:46.025000,109057.85,112246.46,108631.51,20356.30616
2025-09-26 07:51:47.014000,109057.84,112246.46,108631.51,20356.65389
2025-09-26 07:51:48.025000,109057.84,112246.46,108631.51,20343.02193
2025-09-26 07:51:49.025000,109057.85,112246.46,108631.51,20343.34619
2025-09-26 07:51:50.025000,109057.85,112246.46,108631.51,20343.43127
2025-09-26 07:51:51.025000,109057.84,112246.46,108631.51,20343.37227
2025-09-26 07:51:52.025000,109057.85,112246.46,108631.51,20343.76445
2025-09-26 07:51:53.025000,109057.85,112246.46,108631.51,20344.04579
2025-09-26 07:51:54.025000,109057.84,112246.46,108631.51,20346.47005
2025-09-26 07:51:55.025000,109057.85,112246.46,108631.51,20346.39699
2025-09-26 07:51:56.025000,109057.84,112246.46,108631.51,20346.42035
2025-09-26 07:51:57.025000,109057.85,112246.46,108631.51,20348.09816
2025-09-26 07:51:58.025000,109057.84,112246.46,108631.51,20348.09861
2025-09-26 07:51:59.014000,109057.84,112246.46,108631.51,20348.14482
2025-09-26 07:52:00.026000,109057.84,112246.46,108631.51,20348.28794
2025-09-26 07:52:01.026000,109057.85,112246.46,108631.51,20347.99569
2025-09-26 07:52:02.025000,109057.84,112246.46,108631.51,20348.05284
2025-09-26 07:52:03.026000,109057.83,112246.46,108631.51,20349.77938
2025-09-26 07:52:04.025000,109057.83,112246.46,108631.51,20360.13242
2025-09-26 07:52:05.025000,109057.83,112246.46,108631.51,20360.41037
2025-09-26 07:52:06.014000,109057.83,112246.46,108631.51,20360.42345
2025-09-26 07:52:07.025000,109057.83,112246.46,108631.51,20360.93378
2025-09-26 07:52:08.025000,109057.83,112246.46,108631.51,20361.13332
2025-09-26 07:52:09.025000,109057.82,112246.46,108631.51,20361.16068
2025-09-26 07:52:10.025000,109057.82,112246.46,108631.51,20361.15825
2025-09-26 07:52:11.025000,109057.82,112246.46,108631.51,20361.13567
2025-09-26 07:52:12.025000,109057.83,112246.46,108631.51,20361.80246
2025-09-26 07:52:13.014000,109057.82,112246.46,108631.51,20364.20323
2025-09-26 07:52:14.026000,109057.83,112246.46,108631.51,20364.23794
2025-09-26 07:52:15.025000,109057.83,112246.46,108631.51,20364.98329
2025-09-26 07:52:16.026000,109057.82,112246.46,108631.51,20366.9241
2025-09-26 07:52:17.026000,109068.99,112246.46,108631.51,20372.53377
2025-09-26 07:52:18.025000,109068.99,112246.46,108631.51,20373.66514
2025-09-26 07:52:19.025000,109069.0,112246.46,108631.51,20375.20571
2025-09-26 07:52:20.014000,109068.99,112246.46,108631.51,20376.64908
2025-09-26 07:52:21.026000,109068.99,112246.46,108631.51,20376.80964
2025-09-26 07:52:22.025000,109069.0,112246.46,108631.51,20377.21166
2025-09-26 07:52:23.025000,109069.0,112246.46,108631.51,20382.15433
2025-09-26 07:52:24.025000,109068.99,112246.46,108631.51,20382.1324
2025-09-26 07:52:25.025000,109069.0,112246.46,108631.51,20382.27799
2025-09-26 07:52:26.025000,109069.0,112246.46,108631.51,20382.2614
2025-09-26 07:52:27.025000,109069.0,112246.46,108631.51,20382.50326
2025-09-26 07:52:28.026000,109068.99,112246.46,108631.51,20382.49957
2025-09-26 07:52:29.025000,109068.99,112246.46,108631.51,20382.51519
2025-09-26 07:52:30.026000,109055.38,112246.46,108631.51,20384.99181
2025-09-26 07:52:31.025000,109055.39,112246.46,108631.51,20386.16037
2025-09-26 07:52:32.026000,109055.39,112246.46,108631.51,20386.58868
2025-09-26 07:52:33.025000,109055.38,112246.46,108631.51,20389.17726
2025-09-26 07:52:34.025000,109055.39,112246.46,108631.51,20389.97028
2025-09-26 07:52:35.026000,109055.39,112246.46,108631.51,20390.00665
2025-09-26 07:52:36.026000,109055.38,112246.46,108631.51,20390.14854
2025-09-26 07:52:37.025000,109053.99,112246.46,108631.51,20391.12808
2025-09-26 07:52:38.026000,109045.39,112246.46,108631.51,20396.77044
2025-09-26 07:52:39.026000,109045.39,112246.46,108631.51,20396.46227
2025-09-26 07:52:40.025000,109045.39,112246.46,108631.51,20396.50436
2025-09-26 07:52:41.025000,109045.39,112246.46,108631.51,20396.87311
2025-09-26 07:52:42.025000,109045.4,112246.46,108631.51,20398.29054
2025-09-26 07:52:43.026000,109045.4,112246.46,108631.51,20398.47782
2025-09-26 07:52:44.025000,109045.39,112246.46,108631.51,20398.45151
2025-09-26 07:52:45.025000,109045.4,112246.46,108631.51,20400.8289
2025-09-26 07:52:46.025000,109045.4,112246.46,108631.51,20399.0983
2025-09-26 07:52:47.025000,109045.39,112246.46,108631.51,20399.49622
2025-09-26 07:52:48.025000,109045.4,112246.46,108631.51,20399.51154
2025-09-26 07:52:49.025000,109045.4,112246.46,108631.51,20399.72938
2025-09-26 07:52:50.026000,109045.39,112246.46,108631.51,20400.08857
2025-09-26 07:52:51.026000,109045.39,112246.46,108631.51,20400.0356
2025-09-26 07:52:52.026000,109045.4,112246.46,108631.51,20400.03337
2025-09-26 07:52:53.025000,109045.4,112246.46,108631.51,20400.33086
2025-09-26 07:52:54.025000,109045.39,112246.46,108631.51,20400.36499
2025-09-26 07:52:55.025000,109045.4,112246.46,108631.51,20402.90799
2025-09-26 07:52:56.025000,109045.4,112246.46,108631.51,20402.93725
2025-09-26 07:52:57.025000,109069.6,112246.46,108631.51,20415.2892
2025-09-26 07:52:58.025000,109069.59,112246.46,108631.51,20415.35532
2025-09-26 07:52:59.025000,109069.6,112246.46,108631.51,20415.34965
2025-09-26 07:53:00.014000,109069.59,112246.46,108631.51,20415.38031
2025-09-26 07:53:01.025000,109069.6,112246.46,108631.51,20415.82055
2025-09-26 07:53:02.025000,109069.6,112246.46,108631.51,20416.10364
2025-09-26 07:53:03.025000,109069.6,112246.46,108631.51,20416.11032
2025-09-26 07:53:04.025000,109069.6,112246.46,108631.51,20416.47804
2025-09-26 07:53:05.025000,109069.6,112246.46,108631.51,20416.47879
2025-09-26 07:53:06.025000,109074.95,112246.46,108631.51,20417.61331
2025-09-26 07:53:07.025000,109074.96,112246.46,108631.51,20417.90759
2025-09-26 07:53:08.026000,109074.95,112246.46,108631.51,20418.30773
2025-09-26 07:53:09.026000,109074.96,112246.46,108631.51,20418.33824
2025-09-26 07:53:10.025000,109074.96,112246.46,108631.51,20418.64198
2025-09-26 07:53:11.025000,109074.95,112246.46,108631.51,20418.6471
2025-09-26 07:53:12.026000,109074.96,112246.46,108631.51,20419.36712
2025-09-26 07:53:13.026000,109074.95,112246.46,108631.51,20419.37218
2025-09-26 07:53:14.025000,109074.95,112246.46,108631.51,20419.26828
2025-09-26 07:53:15.025000,109078.57,112246.46,108631.51,20419.54146
2025-09-26 07:53:16.026000,109089.36,112246.46,108631.51,20420.19323
2025-09-26 07:53:17.014000,109089.37,112246.46,108631.51,20420.63428
2025-09-26 07:53:18.025000,109089.37,112246.46,108631.51,20422.44959
2025-09-26 07:53:19.025000,109089.37,112246.46,108631.51,20425.16597
2025-09-26 07:53:20.025000,109089.37,112246.46,108631.51,20425.21818
2025-09-26 07:53:21.025000,109089.37,112246.46,108631.51,20425.30932
2025-09-26 07:53:22.025000,109089.37,112246.46,108631.51,20425.3566
2025-09-26 07:53:23.025000,109089.37,112246.46,108631.51,20425.67069
2025-09-26 07:53:24.025000,109089.36,112246.46,108631.51,20425.81086
2025-09-26 07:53:25.026000,109089.37,112246.46,108631.51,20425.54079
2025-09-26 07:53:26.025000,109089.37,112246.46,108631.51,20425.87667
2025-09-26 07:53:27.025000,109089.37,112246.46,108631.51,20426.82857
2025-09-26 07:53:28.025000,109089.37,112246.46,108631.51,20426.95013
2025-09-26 07:53:29.026000,109089.37,112246.46,108631.51,20429.4679
2025-09-26 07:53:30.025000,109089.37,112246.46,108631.51,20429.75211
2025-09-26 07:53:31.025000,109089.37,112246.46,108631.51,20430.83151
2025-09-26 07:53:32.025000,109089.37,112246.46,108631.51,20431.22081
2025-09-26 07:53:33.026000,109089.37,112246.46,108631.51,20431.41253
2025-09-26 07:53:34.025000,109089.37,112246.46,108631.51,20430.23199
2025-09-26 07:53:35.014000,109089.37,112246.46,108631.51,20430.29335
2025-09-26 07:53:36.025000,109089.37,112246.46,108631.51,20430.45467
2025-09-26 07:53:37.026000,109089.37,112246.46,108631.51,20430.60795
2025-09-26 07:53:38.026000,109089.37,112246.46,108631.51,20430.89753
2025-09-26 07:53:39.026000,109090.41,112246.46,108631.51,20431.99072
2025-09-26 07:53:40.025000,109090.43,112246.46,108631.51,20432.00576
2025-09-26 07:53:41.025000,109090.45,112246.46,108631.51,20432.24203
2025-09-26 07:53:42.025000,109099.17,112246.46,108631.51,20432.81396
2025-09-26 07:53:43.025000,109099.18,112246.46,108631.51,20432.86981
2025-09-26 07:53:44.025000,109099.17,112246.46,108631.51,20432.80746
2025-09-26 07:53:45.014000,109099.17,112246.46,108631.51,20432.80831
2025-09-26 07:53:46.026000,109099.17,112246.46,108631.51,20433.06621
2025-09-26 07:53:47.025000,109099.18,112246.46,108631.51,20433.43311
2025-09-26 07:53:48.025000,109099.17,112246.46,108631.51,20433.5298
2025-09-26 07:53:49.026000,109099.18,112246.46,108631.51,20433.03561
2025-09-26 07:53:50.014000,109099.17,112246.46,108631.51,20433.05193
2025-09-26 07:53:51.025000,109099.18,112246.46,108631.51,20433.05621
2025-09-26 07:53:52.014000,109099.17,112246.46,108631.51,20433.43237
2025-09-26 07:53:53.025000,109099.18,112246.46,108631.51,20433.77629
2025-09-26 07:53:54.025000,109099.17,112246.46,108631.51,20433.78998
2025-09-26 07:53:55.025000,109099.18,112246.46,108631.51,20433.68616
2025-09-26 07:53:56.025000,109099.18,112246.46,108631.51,20436.6889
2025-09-26 07:53:57.025000,109099.18,112246.46,108631.51,20437.459
2025-09-26 07:53:58.025000,109099.18,112246.46,108631.51,20437.46562
2025-09-26 07:53:59.025000,109099.17,112246.46,108631.51,20437.48265
2025-09-26 07:54:00.025000,109099.17,112246.46,108631.51,20437.74859
2025-09-26 07:54:01.025000,109099.16,112246.46,108631.51,20440.24516
2025-09-26 07:54:02.025000,109099.16,112246.46,108631.51,20440.59009
2025-09-26 07:54:03.025000,109099.16,112246.46,108631.51,20440.60664
2025-09-26 07:54:04.025000,109099.16,112246.46,108631.51,20440.7131
2025-09-26 07:54:05.014000,109099.17,112246.46,108631.51,20441.06911
2025-09-26 07:54:06.025000,109099.16,112246.46,108631.51,20441.04437
2025-09-26 07:54:07.025000,109090.43,112246.46,108631.51,20441.63239
2025-09-26 07:54:08.025000,109089.36,112246.46,108631.51,20445.0423
2025-09-26 07:54:09.025000,109089.36,112246.46,108631.51,20445.23244
2025-09-26 07:54:10.014000,109089.36,112246.46,108631.51,20445.43791
2025-09-26 07:54:11.026000,109089.37,112246.46,108631.51,20445.43595
2025-09-26 07:54:12.026000,109089.37,112246.46,108631.51,20445.35299
2025-09-26 07:54:13.025000,109089.37,112246.46,108631.51,20445.11713
2025-09-26 07:54:14.025000,109089.36,112246.46,108631.51,20445.14909
2025-09-26 07:54:15.025000,109089.37,112246.46,108631.51,20444.89492
2025-09-26 07:54:16.025000,109089.37,112246.46,108631.51,20445.32982
2025-09-26 07:54:17.025000,109089.36,112246.46,108631.51,20445.79408
2025-09-26 07:54:18.025000,109089.37,112246.46,108631.51,20448.18911
2025-09-26 07:54:19.026000,109089.36,112246.46,108631.51,20448.33716
2025-09-26 07:54:20.025000,109089.37,112246.46,108631.51,20447.701
2025-09-26 07:54:21.026000,109089.37,112246.46,108631.51,20447.76163
2025-09-26 07:54:22.025000,109089.37,112246.46,108631.51,20448.16377
2025-09-26 07:54:23.025000,109092.58,112246.46,108631.51,20448.45198
2025-09-26 07:54:24.025000,109092.57,112246.46,108631.51,20448.47875
2025-09-26 07:54:25.025000,109092.58,112246.46,108631.51,20448.47715
2025-09-26 07:54:26.025000,109092.58,112246.46,108631.51,20448.43084
2025-09-26 07:54:27.025000,109092.58,112246.46,108631.51,20448.65028
2025-09-26 07:54:28.026000,109093.37,112246.46,108631.51,20449.5286
2025-09-26 07:54:29.026000,109094.09,112246.46,108631.51,20450.06017
2025-09-26 07:54:30.026000,109094.1,112246.46,108631.51,20450.06356
2025-09-26 07:54:31.025000,109097.65,112246.46,108631.51,20451.991
2025-09-26 07:54:32.025000,109097.66,112246.46,108631.51,20452.40963
2025-09-26 07:54:33.025000,109097.65,112246.46,108631.51,20452.41692
2025-09-26 07:54:34.025000,109097.65,112246.46,108631.51,20452.41333
2025-09-26 07:54:35.014000,109097.66,112246.46,108631.51,20452.73506
2025-09-26 07:54:36.025000,109097.65,112246.46,108631.51,20452.73693
2025-09-26 07:54:37.024000,109097.66,112246.46,108631.51,20453.567
2025-09-26 07:54:38.025000,109097.66,112246.46,108631.51,20454.05341
2025-09-26 07:54:39.025000,109097.65,112246.46,108631.51,20454.05382
2025-09-26 07:54:40.014000,109097.66,112246.46,108631.51,20454.08914
2025-09-26 07:54:41.014000,109097.66,112246.46,108631.51,20454.14213
2025-09-26 07:54:42.025000,109097.66,112246.46,108631.51,20455.15628
2025-09-26 07:54:43.025000,109097.66,112246.46,108631.51,20455.36744
2025-09-26 07:54:44.025000,109097.65,112246.46,108631.51,20455.36486
2025-09-26 07:54:45.014000,109097.65,112246.46,108631.51,20455.50593
2025-09-26 07:54:46.025000,109097.66,112246.46,108631.51,20455.73609
2025-09-26 07:54:47.025000,109097.65,112246.46,108631.51,20455.73773
2025-09-26 07:54:48.025000,109097.65,112246.46,108631.51,20455.68081
2025-09-26 07:54:49.025000,109097.66,112246.46,108631.51,20455.61582
2025-09-26 07:54:50.025000,109097.66,112246.46,108631.51,20455.8545
2025-09-26 07:54:51.014000,109097.66,112246.46,108631.51,20455.8548
2025-09-26 07:54:52.025000,109097.65,112246.46,108631.51,20456.22095
2025-09-26 07:54:53.025000,109092.0,112246.46,108631.51,20460.81011
2025-09-26 07:54:54.014000,109092.01,112246.46,108631.51,20460.81036
2025-09-26 07:54:55.025000,109092.01,112246.46,108631.51,20460.79628
2025-09-26 07:54:56.025000,109092.0,112246.46,108631.51,20460.79478
2025-09-26 07:54:57.025000,109092.01,112246.46,108631.51,20462.14059
2025-09-26 07:54:58.025000,109092.01,112246.46,108631.51,20462.14019
2025-09-26 07:54:59.014000,109092.01,112246.46,108631.51,20462.14101
2025-09-26 07:55:00.025000,109092.0,112246.46,108631.51,20462.21838
2025-09-26 07:55:01.025000,109092.0,112246.46,108631.51,20462.64192
2025-09-26 07:55:02.025000,109092.01,112246.46,108631.51,20462.90421
2025-09-26 07:55:03.025000,109092.01,112246.46,108631.51,20462.90262
2025-09-26 07:55:04.025000,109092.01,112246.46,108631.51,20462.91763
2025-09-26 07:55:05.014000,109092.01,112246.46,108631.51,20463.24228
2025-09-26 07:55:06.025000,109092.0,112246.46,108631.51,20463.17771
2025-09-26 07:55:07.025000,109092.0,112246.46,108631.51,20463.16134
2025-09-26 07:55:08.025000,109092.0,112246.46,108631.51,20463.38791
2025-09-26 07:55:09.025000,109092.0,112246.46,108631.51,20463.38039
2025-09-26 07:55:10.025000,109092.01,112246.46,108631.51,20463.43114
2025-09-26 07:55:11.025000,109092.0,112246.46,108631.51,20463.43992
2025-09-26 07:55:12.025000,109092.02,112246.46,108631.51,20465.11915
2025-09-26 07:55:13.025000,109092.03,112246.46,108631.51,20465.25112
2025-09-26 07:55:14.025000,109092.65,112246.46,108631.51,20465.28244
2025-09-26 07:55:15.025000,109093.07,112246.46,108631.51,20465.40753
2025-09-26 07:55:16.025000,109093.16,112246.46,108631.51,20465.96872
2025-09-26 07:55:17.025000,109094.88,112246.46,108631.51,20465.21644
2025-09-26 07:55:18.026000,109094.9,112246.46,108631.51,20466.47161
2025-09-26 07:55:19.025000,109094.9,112246.46,108631.51,20466.10601
2025-09-26 07:55:20.025000,109096.34,112246.46,108631.51,20467.11911
2025-09-26 07:55:21.025000,109096.35,112246.46,108631.51,20467.28475
2025-09-26 07:55:22.026000,109096.34,112246.46,108631.51,20467.6436
2025-09-26 07:55:23.025000,109096.35,112246.46,108631.51,20467.9321
2025-09-26 07:55:24.025000,109096.35,112246.46,108631.51,20467.90268
2025-09-26 07:55:25.025000,109096.35,112246.46,108631.51,20467.9315
2025-09-26 07:55:26.025000,109096.35,112246.46,108631.51,20467.92946
2025-09-26 07:55:27.026000,109096.35,112246.46,108631.51,20468.51946
2025-09-26 07:55:28.025000,109096.35,112246.46,108631.51,20470.91131
2025-09-26 07:55:29.025000,109096.34,112246.46,108631.51,20470.88186
2025-09-26 07:55:30.025000,109096.35,112246.46,108631.51,20471.00244
2025-09-26 07:55:31.026000,109096.34,112246.46,108631.51,20471.67626
2025-09-26 07:55:32.026000,109096.35,112246.46,108631.51,20471.90477
2025-09-26 07:55:33.025000,109096.35,112246.46,108631.51,20471.79384
2025-09-26 07:55:34.025000,109096.35,112246.46,108631.51,20472.20823
2025-09-26 07:55:35.025000,109096.35,112246.46,108631.51,20472.38681
2025-09-26 07:55:36.025000,109096.35,112246.46,108631.51,20472.27919
2025-09-26 07:55:37.025000,109096.35,112246.46,108631.51,20472.52645
2025-09-26 07:55:38.025000,109096.35,112246.46,108631.51,20472.90207
2025-09-26 07:55:39.014000,109096.35,112246.46,108631.51,20472.9056
2025-09-26 07:55:40.025000,109096.35,112246.46,108631.51,20473.22244
2025-09-26 07:55:41.025000,109096.35,112246.46,108631.51,20473.55949
2025-09-26 07:55:42.025000,109096.34,112246.46,108631.51,20474.2001
2025-09-26 07:55:43.026000,109096.35,112246.46,108631.51,20474.22714
2025-09-26 07:55:44.026000,109096.34,112246.46,108631.51,20474.22668
2025-09-26 07:55:45.025000,109096.34,112246.46,108631.51,20474.25611
2025-09-26 07:55:46.025000,109096.34,112246.46,108631.51,20474.53807
2025-09-26 07:55:47.026000,109096.35,112246.46,108631.51,20474.83632
2025-09-26 07:55:48.025000,109096.34,112246.46,108631.51,20474.79091
2025-09-26 07:55:49.025000,109096.35,112246.46,108631.51,20474.83091
2025-09-26 07:55:50.025000,109096.34,112246.46,108631.51,20475.1439
2025-09-26 07:55:51.025000,109096.35,112246.46,108631.51,20475.10806
2025-09-26 07:55:52.025000,109096.35,112246.46,108631.51,20475.51801
2025-09-26 07:55:53.025000,109096.35,112246.46,108631.51,20475.79527
2025-09-26 07:55:54.026000,109096.35,112246.46,108631.51,20476.03161
2025-09-26 07:55:55.025000,109096.35,112246.46,108631.51,20475.86423
2025-09-26 07:55:56.025000,109096.35,112246.46,108631.51,20475.86207
2025-09-26 07:55:57.025000,109096.35,112246.46,108631.51,20476.46853
2025-09-26 07:55:58.025000,109096.34,112246.46,108631.51,20476.53842
2025-09-26 07:55:59.025000,109096.34,112246.46,108631.51,20476.56664
2025-09-26 07:56:00.025000,109096.35,112246.46,108631.51,20476.72568
2025-09-26 07:56:01.025000,109096.34,112246.46,108631.51,20477.46747
2025-09-26 07:56:02.025000,109096.34,112246.46,108631.51,20477.98487
2025-09-26 07:56:03.025000,109096.35,112246.46,108631.51,20477.89744
2025-09-26 07:56:04.025000,109096.35,112246.46,108631.51,20477.86177
2025-09-26 07:56:05.026000,109096.35,112246.46,108631.51,20478.1489
2025-09-26 07:56:06.025000,109089.16,112246.46,108631.51,20484.60958
2025-09-26 07:56:07.025000,109089.16,112246.46,108631.51,20484.9972
2025-09-26 07:56:08.026000,109087.65,112246.46,108631.51,20485.91478
2025-09-26 07:56:09.026000,109079.38,112246.46,108631.51,20491.30527
2025-09-26 07:56:10.026000,109076.0,112246.46,108631.51,20493.4046
2025-09-26 07:56:11.026000,109076.0,112246.46,108631.51,20493.37283
2025-09-26 07:56:12.025000,109076.01,112246.46,108631.51,20494.01464
2025-09-26 07:56:13.025000,109076.0,112246.46,108631.51,20494.01438
2025-09-26 07:56:14.026000,109076.01,112246.46,108631.51,20494.13793
2025-09-26 07:56:15.025000,109076.01,112246.46,108631.51,20494.17812
2025-09-26 07:56:16.026000,109076.01,112246.46,108631.51,20494.38037
2025-09-26 07:56:17.025000,109076.0,112246.46,108631.51,20494.38033
2025-09-26 07:56:18.025000,109076.01,112246.46,108631.51,20494.38153
2025-09-26 07:56:19.026000,109076.01,112246.46,108631.51,20494.47322
2025-09-26 07:56:20.025000,109076.01,112246.46,108631.51,20494.74255
2025-09-26 07:56:21.025000,109076.0,112246.46,108631.51,20494.74527
2025-09-26 07:56:22.025000,109076.0,112246.46,108631.51,20495.14068
2025-09-26 07:56:23.025000,109076.01,112246.46,108631.51,20497.56404
2025-09-26 07:56:24.025000,109076.0,112246.46,108631.51,20496.83596
2025-09-26 07:56:25.025000,109076.0,112246.46,108631.51,20496.85944
2025-09-26 07:56:26.025000,109076.0,112246.46,108631.51,20496.67398
2025-09-26 07:56:27.025000,109076.0,112246.46,108631.51,20496.75473
2025-09-26 07:56:28.025000,109076.01,112246.46,108631.51,20496.54492
2025-09-26 07:56:29.025000,109076.0,112246.46,108631.51,20496.54439
2025-09-26 07:56:30.026000,109076.01,112246.46,108631.51,20496.63653
2025-09-26 07:56:31.026000,109076.01,112246.46,108631.51,20497.46971
2025-09-26 07:56:32.025000,109076.0,112246.46,108631.51,20497.49626
2025-09-26 07:56:33.026000,109076.0,112246.46,108631.51,20497.49887
2025-09-26 07:56:34.024000,109076.01,112246.46,108631.51,20497.5477
2025-09-26 07:56:35.025000,109076.0,112246.46,108631.51,20497.83429
2025-09-26 07:56:36.025000,109076.0,112246.46,108631.51,20497.83289
2025-09-26 07:56:37.025000,109076.01,112246.46,108631.51,20498.22681
2025-09-26 07:56:38.025000,109076.01,112246.46,108631.51,20498.61996
2025-09-26 07:56:39.025000,109076.01,112246.46,108631.51,20498.61838
2025-09-26 07:56:40.025000,109076.0,112246.46,108631.51,20498.75862
2025-09-26 07:56:41.025000,109076.0,112246.46,108631.51,20499.06321
2025-09-26 07:56:42.026000,109076.0,112246.46,108631.51,20500.16824
2025-09-26 07:56:43.026000,109076.0,112246.46,108631.51,20500.43066
2025-09-26 07:56:44.026000,109076.0,112246.46,108631.51,20500.48159
2025-09-26 07:56:45.026000,109072.0,112246.46,108631.51,20500.3743
2025-09-26 07:56:46.026000,109072.01,112246.46,108631.51,20503.27291
2025-09-26 07:56:47.025000,109072.01,112246.46,108631.51,20503.6548
2025-09-26 07:56:48.025000,109072.01,112246.46,108631.51,20503.65358
2025-09-26 07:56:49.025000,109072.01,112246.46,108631.51,20503.59884
2025-09-26 07:56:50.025000,109072.01,112246.46,108631.51,20503.56702
2025-09-26 07:56:51.025000,109066.02,112246.46,108631.51,20506.61206
2025-09-26 07:56:52.026000,109040.05,112246.46,108631.51,20511.42056
2025-09-26 07:56:53.026000,109040.05,112246.46,108631.51,20510.49758
2025-09-26 07:56:54.014000,109040.05,112246.46,108631.51,20510.95283
2025-09-26 07:56:55.025000,109040.05,112246.46,108631.51,20511.39557
2025-09-26 07:56:56.025000,109040.04,112246.46,108631.51,20513.87977
2025-09-26 07:56:57.025000,109040.05,112246.46,108631.51,20514.76075
2025-09-26 07:56:58.025000,109040.04,112246.46,108631.51,20514.74206
2025-09-26 07:56:59.025000,109040.04,112246.46,108631.51,20514.76859
2025-09-26 07:57:00.026000,109040.04,112246.46,108631.51,20515.13905
2025-09-26 07:57:01.025000,109040.05,112246.46,108631.51,20517.93096
2025-09-26 07:57:02.026000,109035.23,112246.46,108631.51,20520.44043
2025-09-26 07:57:03.025000,109035.23,112246.46,108631.51,20521.00588
2025-09-26 07:57:04.026000,109035.23,112246.46,108631.51,20521.28167
2025-09-26 07:57:05.026000,109035.23,112246.46,108631.51,20521.75433
2025-09-26 07:57:06.025000,109035.23,112246.46,108631.51,20522.47309
2025-09-26 07:57:07.025000,109035.23,112246.46,108631.51,20523.25011
2025-09-26 07:57:08.026000,109035.23,112246.46,108631.51,20523.67517
2025-09-26 07:57:09.025000,109035.23,112246.46,108631.51,20523.67934
2025-09-26 07:57:10.025000,109035.22,112246.46,108631.51,20523.71951
2025-09-26 07:57:11.025000,109035.23,112246.46,108631.51,20526.48646
2025-09-26 07:57:12.025000,109035.23,112246.46,108631.51,20526.96859
2025-09-26 07:57:13.025000,109035.22,112246.46,108631.51,20526.93052
2025-09-26 07:57:14.025000,109052.0,112246.46,108631.51,20530.40416
2025-09-26 07:57:15.025000,109052.0,112246.46,108631.51,20530.40979
2025-09-26 07:57:16.026000,109062.39,112246.46,108631.51,20534.27965
2025-09-26 07:57:17.025000,109062.38,112246.46,108631.51,20534.42111
2025-09-26 07:57:18.025000,109062.38,112246.46,108631.51,20534.30657
2025-09-26 07:57:19.025000,109062.39,112246.46,108631.51,20534.38084
2025-09-26 07:57:20.026000,109062.39,112246.46,108631.51,20534.67807
2025-09-26 07:57:21.025000,109064.98,112246.46,108631.51,20536.15758
2025-09-26 07:57:22.025000,109065.0,112246.46,108631.51,20536.78522
2025-09-26 07:57:23.025000,109065.0,112246.46,108631.51,20537.03607
2025-09-26 07:57:24.025000,109065.0,112246.46,108631.51,20533.21102
2025-09-26 07:57:25.025000,109065.0,112246.46,108631.51,20533.2079
2025-09-26 07:57:26.025000,109065.0,112246.46,108631.51,20533.22534
2025-09-26 07:57:27.025000,109064.99,112246.46,108631.51,20533.86922
2025-09-26 07:57:28.026000,109064.99,112246.46,108631.51,20533.97647
2025-09-26 07:57:29.025000,109064.99,112246.46,108631.51,20533.79914
2025-09-26 07:57:30.025000,109065.0,112246.46,108631.51,20534.01912
2025-09-26 07:57:31.026000,109065.0,112246.46,108631.51,20534.55646
2025-09-26 07:57:32.026000,109068.41,112246.46,108631.51,20535.1334
2025-09-26 07:57:33.025000,109068.41,112246.46,108631.51,20537.52919
2025-09-26 07:57:34.025000,109068.41,112246.46,108631.51,20537.80305
2025-09-26 07:57:35.025000,109068.41,112246.46,108631.51,20538.08663
2025-09-26 07:57:36.014000,109068.4,112246.46,108631.51,20538.12762
2025-09-26 07:57:37.025000,109068.4,112246.46,108631.51,20538.92286
2025-09-26 07:57:38.025000,109068.41,112246.46,108631.51,20539.20726
2025-09-26 07:57:39.025000,109068.4,112246.46,108631.51,20538.87662
2025-09-26 07:57:40.026000,109068.41,112246.46,108631.51,20538.9974
2025-09-26 07:57:41.026000,109068.4,112246.46,108631.51,20539.06462
2025-09-26 07:57:42.026000,109068.41,112246.46,108631.51,20539.36283
2025-09-26 07:57:43.026000,109068.41,112246.46,108631.51,20539.35657
2025-09-26 07:57:44.025000,109068.4,112246.46,108631.51,20539.36499
2025-09-26 07:57:45.025000,109068.4,112246.46,108631.51,20539.33827
2025-09-26 07:57:46.025000,109068.4,112246.46,108631.51,20539.61817
2025-09-26 07:57:47.025000,109068.4,112246.46,108631.51,20540.17678
2025-09-26 07:57:48.025000,109068.41,112246.46,108631.51,20540.17245
2025-09-26 07:57:49.025000,109068.41,112246.46,108631.51,20540.20766
2025-09-26 07:57:50.025000,109068.41,112246.46,108631.51,20539.72404
2025-09-26 07:57:51.025000,109068.41,112246.46,108631.51,20540.7045
2025-09-26 07:57:52.025000,109068.4,112246.46,108631.51,20541.21501
2025-09-26 07:57:53.025000,109068.41,112246.46,108631.51,20541.24255
2025-09-26 07:57:54.025000,109068.4,112246.46,108631.51,20541.39871
2025-09-26 07:57:55.025000,109068.41,112246.46,108631.51,20541.23706
2025-09-26 07:57:56.025000,109068.41,112246.46,108631.51,20541.25196
2025-09-26 07:57:57.025000,109068.41,112246.46,108631.51,20541.88953
2025-09-26 07:57:58.025000,109068.41,112246.46,108631.51,20541.88864
2025-09-26 07:57:59.025000,109068.41,112246.46,108631.51,20541.88937
2025-09-26 07:58:00.025000,109068.4,112246.46,108631.51,20541.98329
2025-09-26 07:58:01.026000,109090.26,112246.46,108631.51,20552.84384
2025-09-26 07:58:02.025000,109090.26,112246.46,108631.51,20552.84902
2025-09-26 07:58:03.025000,109090.26,112246.46,108631.51,20552.86945
2025-09-26 07:58:04.026000,109113.66,112246.46,108631.51,20557.43357
2025-09-26 07:58:05.025000,109113.66,112246.46,108631.51,20557.76592
2025-09-26 07:58:06.025000,109113.66,112246.46,108631.51,20557.75626
2025-09-26 07:58:07.014000,109113.66,112246.46,108631.51,20558.28457
2025-09-26 07:58:08.026000,109140.4,112246.46,108631.51,20559.0637
2025-09-26 07:58:09.025000,109140.83,112246.46,108631.51,20559.29657
2025-09-26 07:58:10.026000,109140.82,112246.46,108631.51,20559.33856
2025-09-26 07:58:11.025000,109155.99,112246.46,108631.51,20559.77795
2025-09-26 07:58:12.026000,109163.44,112246.46,108631.51,20560.44753
2025-09-26 07:58:13.025000,109163.74,112246.46,108631.51,20562.45585
2025-09-26 07:58:14.026000,109163.74,112246.46,108631.51,20562.457
2025-09-26 07:58:15.025000,109163.73,112246.46,108631.51,20567.4474
2025-09-26 07:58:16.025000,109163.74,112246.46,108631.51,20567.71566
2025-09-26 07:58:17.025000,109163.73,112246.46,108631.51,20568.00856
2025-09-26 07:58:18.025000,109163.74,112246.46,108631.51,20568.08073
2025-09-26 07:58:19.025000,109163.74,112246.46,108631.51,20568.09716
2025-09-26 07:58:20.026000,109164.72,112246.46,108631.51,20569.1145
2025-09-26 07:58:21.025000,109164.72,112246.46,108631.51,20569.13338
2025-09-26 07:58:22.025000,109167.52,112246.46,108631.51,20569.21999
2025-09-26 07:58:23.025000,109167.52,112246.46,108631.51,20570.4061
2025-09-26 07:58:24.026000,109175.91,112246.46,108631.51,20571.55712
2025-09-26 07:58:25.025000,109179.99,112246.46,108631.51,20571.46502
2025-09-26 07:58:26.026000,109193.49,112246.46,108631.51,20568.22111
2025-09-26 07:58:27.025000,109199.23,112246.46,108631.51,20569.95353
2025-09-26 07:58:28.025000,109209.07,112246.46,108631.51,20570.24764
2025-09-26 07:58:29.025000,109211.56,112246.46,108631.51,20570.33513
2025-09-26 07:58:30.026000,109218.13,112246.46,108631.51,20571.04427
2025-09-26 07:58:31.025000,109229.05,112246.46,108631.51,20571.7313
2025-09-26 07:58:32.026000,109226.99,112246.46,108631.51,20572.29249
2025-09-26 07:58:33.026000,109238.62,112246.46,108631.51,20572.62375
2025-09-26 07:58:34.025000,109245.0,112246.46,108631.51,20572.97909
2025-09-26 07:58:35.025000,109250.0,112246.46,108631.51,20573.34398
2025-09-26 07:58:36.025000,109252.0,112246.46,108631.51,20573.42621
2025-09-26 07:58:37.025000,109254.33,112246.46,108631.51,20573.87115
2025-09-26 07:58:38.025000,109254.34,112246.46,108631.51,20574.6164
2025-09-26 07:58:39.025000,109254.34,112246.46,108631.51,20574.61977
2025-09-26 07:58:40.025000,109260.81,112246.46,108631.51,20578.60033
2025-09-26 07:58:41.014000,109260.81,112246.46,108631.51,20578.76625
2025-09-26 07:58:42.025000,109260.82,112246.46,108631.51,20579.49129
2025-09-26 07:58:43.031000,109267.28,112246.46,108631.51,20579.83572
2025-09-26 07:58:44.025000,109276.48,112246.46,108631.51,20580.99529
2025-09-26 07:58:45.026000,109279.69,112246.46,108631.51,20581.12851
2025-09-26 07:58:46.025000,109286.88,112246.46,108631.51,20581.35072
2025-09-26 07:58:47.025000,109288.99,112246.46,108631.51,20581.18721
2025-09-26 07:58:48.025000,109295.3,112246.46,108631.51,20583.4463
2025-09-26 07:58:49.025000,109295.3,112246.46,108631.51,20583.63816
2025-09-26 07:58:50.025000,109302.81,112246.46,108631.51,20584.31056
2025-09-26 07:58:51.026000,109302.81,112246.46,108631.51,20584.34941
2025-09-26 07:58:52.014000,109302.81,112246.46,108631.51,20584.69169
2025-09-26 07:58:53.025000,109302.8,112246.46,108631.51,20582.62713
2025-09-26 07:58:54.014000,109304.72,112246.46,108631.51,20583.38717
2025-09-26 07:58:55.025000,109304.72,112246.46,108631.51,20583.35344
2025-09-26 07:58:56.026000,109290.12,112246.46,108631.51,20589.08103
2025-09-26 07:58:57.025000,109289.0,112246.46,108631.51,20590.49855
2025-09-26 07:58:58.025000,109267.53,112246.46,108631.51,20596.01134
2025-09-26 07:58:59.025000,109267.52,112246.46,108631.51,20599.55663
2025-09-26 07:59:00.027000,109267.52,112246.46,108631.51,20599.80279
2025-09-26 07:59:01.025000,109276.18,112246.46,108631.51,20601.18796
2025-09-26 07:59:02.026000,109299.93,112246.46,108631.51,20604.94673
2025-09-26 07:59:03.026000,109299.93,112246.46,108631.51,20604.94638
2025-09-26 07:59:04.025000,109299.93,112246.46,108631.51,20604.94122
2025-09-26 07:59:05.025000,109299.93,112246.46,108631.51,20605.29222
2025-09-26 07:59:06.026000,109299.92,112246.46,108631.51,20605.25326
2025-09-26 07:59:07.014000,109299.93,112246.46,108631.51,20605.60594
2025-09-26 07:59:08.026000,109299.93,112246.46,108631.51,20606.04779
2025-09-26 07:59:09.037000,109314.91,112246.46,108631.51,20606.95755
2025-09-26 07:59:10.026000,109324.18,112246.46,108631.51,20615.20646
2025-09-26 07:59:11.026000,109324.17,112246.46,108631.51,20615.24854
2025-09-26 07:59:12.026000,109324.17,112246.46,108631.51,20616.04903
2025-09-26 07:59:13.014000,109324.18,112246.46,108631.51,20616.24086
2025-09-26 07:59:14.025000,109324.18,112246.46,108631.51,20616.32586
2025-09-26 07:59:15.025000,109329.16,112246.46,108631.51,20616.70418
2025-09-26 07:59:16.026000,109329.16,112246.46,108631.51,20616.96097
2025-09-26 07:59:17.025000,109329.15,112246.46,108631.51,20616.96062
2025-09-26 07:59:18.025000,109337.09,112246.46,108631.51,20617.78324
2025-09-26 07:59:19.025000,109342.02,112246.46,108631.51,20618.25066
2025-09-26 07:59:20.026000,109347.58,112246.46,108631.51,20618.45459
2025-09-26 07:59:21.026000,109347.59,112246.46,108631.51,20618.5141
2025-09-26 07:59:22.025000,109347.59,112246.46,108631.51,20618.53646
2025-09-26 07:59:23.025000,109347.59,112246.46,108631.51,20618.94699
2025-09-26 07:59:24.026000,109347.59,112246.46,108631.51,20619.25438
2025-09-26 07:59:25.025000,109347.58,112246.46,108631.51,20619.27983
2025-09-26 07:59:26.025000,109347.59,112246.46,108631.51,20619.62175
2025-09-26 07:59:27.025000,109347.59,112246.46,108631.51,20619.91006
2025-09-26 07:59:28.025000,109347.58,112246.46,108631.51,20620.01991
2025-09-26 07:59:29.026000,109337.09,112246.46,108631.51,20622.33628
2025-09-26 07:59:30.025000,109337.09,112246.46,108631.51,20622.37508
2025-09-26 07:59:31.025000,109337.08,112246.46,108631.51,20622.75131
2025-09-26 07:59:32.026000,109337.08,112246.46,108631.51,20622.72598
2025-09-26 07:59:33.025000,109329.18,112246.46,108631.51,20623.16258
2025-09-26 07:59:34.026000,109320.01,112246.46,108631.51,20623.74328
2025-09-26 07:59:35.026000,109320.0,112246.46,108631.51,20624.09881
2025-09-26 07:59:36.014000,109320.01,112246.46,108631.51,20624.09887
2025-09-26 07:59:37.026000,109312.01,112246.46,108631.51,20624.21189
2025-09-26 07:59:38.026000,109294.02,112246.46,108631.51,20625.94729
2025-09-26 07:59:39.025000,109308.98,112246.46,108631.51,20627.508
2025-09-26 07:59:40.025000,109308.98,112246.46,108631.51,20627.57954
2025-09-26 07:59:41.025000,109308.99,112246.46,108631.51,20627.61054
2025-09-26 07:59:42.025000,109308.99,112246.46,108631.51,20628.03294
2025-09-26 07:59:43.025000,109308.99,112246.46,108631.51,20628.0249
2025-09-26 07:59:44.025000,109308.99,112246.46,108631.51,20628.08415
2025-09-26 07:59:45.026000,109308.98,112246.46,108631.51,20628.1055
2025-09-26 07:59:46.026000,109308.99,112246.46,108631.51,20628.38535
2025-09-26 07:59:47.025000,109308.99,112246.46,108631.51,20628.38221
2025-09-26 07:59:48.026000,109308.99,112246.46,108631.51,20628.37636
2025-09-26 07:59:49.025000,109308.99,112246.46,108631.51,20628.5778
2025-09-26 07:59:50.025000,109308.98,112246.46,108631.51,20628.8649
2025-09-26 07:59:51.025000,109308.99,112246.46,108631.51,20628.87438
2025-09-26 07:59:52.025000,109308.99,112246.46,108631.51,20628.87729
2025-09-26 07:59:53.025000,109308.98,112246.46,108631.51,20629.02788
2025-09-26 07:59:54.025000,109308.99,112246.46,108631.51,20629.36765
2025-09-26 07:59:55.025000,109308.98,112246.46,108631.51,20629.29057
2025-09-26 07:59:56.025000,109308.99,112246.46,108631.51,20629.28611
2025-09-26 07:59:57.025000,109308.99,112246.46,108631.51,20629.56446
2025-09-26 07:59:58.014000,109320.02,112246.46,108631.51,20630.29456
2025-09-26 07:59:59.026000,109320.01,112246.46,108631.51,20630.37264
2025-09-26 08:00:00.025000,109320.02,112246.46,108631.51,20630.41967
2025-09-26 08:00:01.025000,109320.02,112246.46,108631.51,20629.92666
2025-09-26 08:00:02.025000,109320.02,112246.46,108631.51,20629.101
2025-09-26 08:00:03.025000,109320.02,112246.46,108631.51,20627.92711
2025-09-26 08:00:04.025000,109320.01,112246.46,108631.51,20623.61093
2025-09-26 08:00:05.026000,109320.01,112246.46,108631.51,20623.75198
2025-09-26 08:00:06.025000,109320.01,112246.46,108631.51,20623.87134
2025-09-26 08:00:07.025000,109331.63,112246.46,108631.51,20624.31578
2025-09-26 08:00:08.014000,109336.02,112246.46,108631.51,20624.63554
2025-09-26 08:00:09.026000,109336.02,112246.46,108631.51,20624.28274
2025-09-26 08:00:10.026000,109336.02,112246.46,108631.51,20623.76006
2025-09-26 08:00:11.026000,109336.02,112246.46,108631.51,20623.77276
2025-09-26 08:00:12.025000,109328.52,112246.46,108631.51,20624.28234
2025-09-26 08:00:13.025000,109328.53,112246.46,108631.51,20624.33965
2025-09-26 08:00:14.025000,109328.53,112246.46,108631.51,20624.40825
2025-09-26 08:00:15.025000,109328.53,112246.46,108631.51,20624.34476
2025-09-26 08:00:16.026000,109334.89,112246.46,108631.51,20624.67375
2025-09-26 08:00:17.025000,109334.92,112246.46,108631.51,20624.58214
2025-09-26 08:00:18.026000,109336.16,112246.46,108631.51,20624.57278
2025-09-26 08:00:19.025000,109336.17,112246.46,108631.51,20624.62502
2025-09-26 08:00:20.026000,109336.17,112246.46,108631.51,20624.62627
2025-09-26 08:00:21.025000,109336.17,112246.46,108631.51,20624.606
2025-09-26 08:00:22.025000,109336.17,112246.46,108631.51,20624.57888
2025-09-26 08:00:23.025000,109327.99,112246.46,108631.51,20625.2844
2025-09-26 08:00:24.025000,109328.0,112246.46,108631.51,20625.28469
2025-09-26 08:00:25.025000,109328.0,112246.46,108631.51,20624.96547
2025-09-26 08:00:26.025000,109327.99,112246.46,108631.51,20625.0499
2025-09-26 08:00:27.026000,109333.82,112246.46,108631.51,20625.66254
2025-09-26 08:00:28.026000,109333.82,112246.46,108631.51,20625.67079
2025-09-26 08:00:29.025000,109333.82,112246.46,108631.51,20626.02475
2025-09-26 08:00:30.025000,109333.82,112246.46,108631.51,20626.01838
2025-09-26 08:00:31.026000,109333.82,112246.46,108631.51,20626.02441
2025-09-26 08:00:32.026000,109333.81,112246.46,108631.51,20626.02574
2025-09-26 08:00:33.025000,109333.81,112246.46,108631.51,20626.02818
2025-09-26 08:00:34.025000,109333.82,112246.46,108631.51,20626.16197
2025-09-26 08:00:35.026000,109333.82,112246.46,108631.51,20626.16191
2025-09-26 08:00:36.025000,109333.81,112246.46,108631.51,20626.1493
2025-09-26 08:00:37.025000,109339.38,112246.46,108631.51,20626.53287
2025-09-26 08:00:38.025000,109339.38,112246.46,108631.51,20626.53463
2025-09-26 08:00:39.025000,109339.39,112246.46,108631.51,20625.6406
2025-09-26 08:00:40.026000,109348.0,112246.46,108631.51,20626.00805
2025-09-26 08:00:41.031000,109348.02,112246.46,108631.51,20626.96401
2025-09-26 08:00:42.025000,109348.01,112246.46,108631.51,20626.9426
2025-09-26 08:00:43.025000,109348.02,112246.46,108631.51,20627.0028
2025-09-26 08:00:44.014000,109348.02,112246.46,108631.51,20627.14672
2025-09-26 08:00:45.025000,109348.02,112246.46,108631.51,20627.14178
2025-09-26 08:00:46.025000,109363.99,112246.46,108631.51,20629.68928
2025-09-26 08:00:47.025000,109363.99,112246.46,108631.51,20629.70319
2025-09-26 08:00:48.025000,109364.01,112246.46,108631.51,20629.71193
2025-09-26 08:00:49.036000,109372.3,112246.46,108631.51,20629.93715
2025-09-26 08:00:50.025000,109393.55,112246.46,108631.51,20630.96613
2025-09-26 08:00:51.026000,109393.6,112246.46,108631.51,20630.96604
2025-09-26 08:00:52.025000,109393.59,112246.46,108631.51,20630.97514
2025-09-26 08:00:53.025000,109393.6,112246.46,108631.51,20631.01022
2025-09-26 08:00:54.026000,109393.0,112246.46,108631.51,20632.63189
2025-09-26 08:00:55.026000,109392.32,112246.46,108631.51,20632.63853
2025-09-26 08:00:56.025000,109392.32,112246.46,108631.51,20632.73048
2025-09-26 08:00:57.025000,109392.31,112246.46,108631.51,20632.73547
2025-09-26 08:00:58.026000,109392.31,112246.46,108631.51,20632.73151
2025-09-26 08:00:59.025000,109392.32,112246.46,108631.51,20632.833
2025-09-26 08:01:00.025000,109392.32,112246.46,108631.51,20632.96353
2025-09-26 08:01:01.039000,109392.32,112246.46,108631.51,20632.94316
2025-09-26 08:01:02.025000,109399.99,112246.46,108631.51,20633.76619
2025-09-26 08:01:03.025000,109399.99,112246.46,108631.51,20633.79699
2025-09-26 08:01:04.025000,109399.99,112246.46,108631.51,20633.7896
2025-09-26 08:01:05.025000,109400.0,112246.46,108631.51,20631.39832
2025-09-26 08:01:06.025000,109394.99,112246.46,108631.51,20631.90145
2025-09-26 08:01:07.026000,109398.92,112246.46,108631.51,20632.00393
2025-09-26 08:01:08.025000,109408.28,112246.46,108631.51,20632.18267
2025-09-26 08:01:09.025000,109398.92,112246.46,108631.51,20632.34735
2025-09-26 08:01:10.026000,109397.77,112246.46,108631.51,20632.44666
2025-09-26 08:01:11.025000,109397.7,112246.46,108631.51,20632.45327
2025-09-26 08:01:12.025000,109392.0,112246.46,108631.51,20632.80065
2025-09-26 08:01:13.026000,109374.98,112246.46,108631.51,20632.99115
2025-09-26 08:01:14.025000,109365.95,112246.46,108631.51,20633.39347
2025-09-26 08:01:15.027000,109356.37,112246.46,108631.51,20634.12885
2025-09-26 08:01:16.025000,109356.36,112246.46,108631.51,20634.42349
2025-09-26 08:01:17.025000,109356.36,112246.46,108631.51,20634.54568
2025-09-26 08:01:18.025000,109342.55,112246.46,108631.51,20635.4363
2025-09-26 08:01:19.026000,109342.55,112246.46,108631.51,20635.48685
2025-09-26 08:01:20.025000,109342.55,112246.46,108631.51,20635.48602
2025-09-26 08:01:21.025000,109342.55,112246.46,108631.51,20635.45733
2025-09-26 08:01:22.026000,109342.54,112246.46,108631.51,20635.63502
2025-09-26 08:01:23.025000,109330.13,112246.46,108631.51,20636.74385
2025-09-26 08:01:24.026000,109327.97,112246.46,108631.51,20637.12043
2025-09-26 08:01:25.026000,109327.97,112246.46,108631.51,20637.10724
2025-09-26 08:01:26.025000,109327.97,112246.46,108631.51,20637.10725
2025-09-26 08:01:27.014000,109327.97,112246.46,108631.51,20637.11031
2025-09-26 08:01:28.025000,109327.97,112246.46,108631.51,20636.4467
2025-09-26 08:01:29.026000,109327.97,112246.46,108631.51,20636.40541
2025-09-26 08:01:30.026000,109340.95,112246.46,108631.51,20637.38879
2025-09-26 08:01:31.026000,109350.44,112246.46,108631.51,20638.4764
2025-09-26 08:01:32.026000,109366.49,112246.46,108631.51,20639.86179
2025-09-26 08:01:33.014000,109368.0,112246.46,108631.51,20640.02671
2025-09-26 08:01:34.026000,109372.65,112246.46,108631.51,20640.7892
2025-09-26 08:01:35.025000,109372.66,112246.46,108631.51,20640.78641
2025-09-26 08:01:36.025000,109372.66,112246.46,108631.51,20640.77717
2025-09-26 08:01:37.014000,109372.66,112246.46,108631.51,20640.77868
2025-09-26 08:01:38.025000,109388.62,112246.46,108631.51,20641.99262
2025-09-26 08:01:39.025000,109388.63,112246.46,108631.51,20642.07987
2025-09-26 08:01:40.015000,109388.62,112246.46,108631.51,20642.09516
2025-09-26 08:01:41.025000,109388.63,112246.46,108631.51,20642.04973
2025-09-26 08:01:42.025000,109388.62,112246.46,108631.51,20639.93566
2025-09-26 08:01:43.025000,109388.63,112246.46,108631.51,20639.84905
2025-09-26 08:01:44.025000,109388.63,112246.46,108631.51,20639.87818
2025-09-26 08:01:45.025000,109401.64,112246.46,108631.51,20640.19588
2025-09-26 08:01:46.025000,109401.63,112246.46,108631.51,20640.01951
2025-09-26 08:01:47.026000,109401.64,112246.46,108631.51,20639.98108
2025-09-26 08:01:48.025000,109401.63,112246.46,108631.51,20639.98436
2025-09-26 08:01:49.025000,109401.64,112246.46,108631.51,20640.46818
2025-09-26 08:01:50.025000,109401.63,112246.46,108631.51,20640.31101
2025-09-26 08:01:51.025000,109393.56,112246.46,108631.51,20641.04702
2025-09-26 08:01:52.025000,109393.55,112246.46,108631.51,20641.25634
2025-09-26 08:01:53.026000,109393.56,112246.46,108631.51,20641.56487
2025-09-26 08:01:54.026000,109393.56,112246.46,108631.51,20641.48393
2025-09-26 08:01:55.025000,109393.56,112246.46,108631.51,20641.50106
2025-09-26 08:01:56.026000,109385.76,112246.46,108631.51,20642.01304
2025-09-26 08:01:57.026000,109373.38,112246.46,108631.51,20642.83195
2025-09-26 08:01:58.026000,109363.58,112246.46,108631.51,20644.37743
2025-09-26 08:01:59.025000,109352.01,112246.46,108631.51,20645.01205
2025-09-26 08:02:00.028000,109340.01,112246.46,108631.51,20645.42861
2025-09-26 08:02:01.026000,109314.43,112246.46,108631.51,20647.87541
2025-09-26 08:02:02.025000,109314.43,112246.46,108631.51,20647.97416
2025-09-26 08:02:03.026000,109314.44,112246.46,108631.51,20648.44137
2025-09-26 08:02:04.026000,109314.43,112246.46,108631.51,20648.4106
2025-09-26 08:02:05.025000,109314.44,112246.46,108631.51,20648.425
2025-09-26 08:02:06.026000,109314.43,112246.46,108631.51,20648.4335
2025-09-26 08:02:07.025000,109314.44,112246.46,108631.51,20648.44125
2025-09-26 08:02:08.026000,109314.44,112246.46,108631.51,20648.75124
2025-09-26 08:02:09.025000,109314.44,112246.46,108631.51,20648.8058
2025-09-26 08:02:10.026000,109314.44,112246.46,108631.51,20648.81054
2025-09-26 08:02:11.025000,109314.44,112246.46,108631.51,20648.81156
2025-09-26 08:02:12.025000,109314.43,112246.46,108631.51,20648.85721
2025-09-26 08:02:13.025000,109322.73,112246.46,108631.51,20649.29906
2025-09-26 08:02:14.025000,109322.75,112246.46,108631.51,20649.49975
2025-09-26 08:02:15.025000,109324.99,112246.46,108631.51,20649.50092
2025-09-26 08:02:16.025000,109335.95,112246.46,108631.51,20649.66413
2025-09-26 08:02:17.026000,109308.0,112246.46,108631.51,20651.573
2025-09-26 08:02:18.026000,109304.72,112246.46,108631.51,20651.77449
2025-09-26 08:02:19.025000,109304.72,112246.46,108631.51,20651.87199
2025-09-26 08:02:20.025000,109304.73,112246.46,108631.51,20651.85435
2025-09-26 08:02:21.026000,109338.61,112246.46,108631.51,20652.49756
2025-09-26 08:02:22.025000,109349.52,112246.46,108631.51,20652.50068
2025-09-26 08:02:23.014000,109349.52,112246.46,108631.51,20652.51342
2025-09-26 08:02:24.026000,109330.41,112246.46,108631.51,20654.84862
2025-09-26 08:02:25.025000,109330.41,112246.46,108631.51,20654.61892
2025-09-26 08:02:26.025000,109328.57,112246.46,108631.51,20655.25996
2025-09-26 08:02:27.025000,109328.57,112246.46,108631.51,20655.24942
2025-09-26 08:02:28.026000,109305.5,112246.46,108631.51,20658.52051
2025-09-26 08:02:29.026000,109305.5,112246.46,108631.51,20658.6029
2025-09-26 08:02:30.025000,109305.51,112246.46,108631.51,20658.61214
2025-09-26 08:02:31.026000,109305.5,112246.46,108631.51,20658.55742
2025-09-26 08:02:32.025000,109305.51,112246.46,108631.51,20658.5575
2025-09-26 08:02:33.025000,109305.5,112246.46,108631.51,20658.54802
2025-09-26 08:02:34.025000,109305.51,112246.46,108631.51,20658.62102
2025-09-26 08:02:35.025000,109305.5,112246.46,108631.51,20659.04816
2025-09-26 08:02:36.025000,109305.5,112246.46,108631.51,20659.17231
2025-09-26 08:02:37.025000,109305.5,112246.46,108631.51,20659.1869
2025-09-26 08:02:38.025000,109305.5,112246.46,108631.51,20659.21126
2025-09-26 08:02:39.025000,109305.51,112246.46,108631.51,20659.24548
2025-09-26 08:02:40.025000,109305.51,112246.46,108631.51,20659.25351
2025-09-26 08:02:41.026000,109305.93,112246.46,108631.51,20660.1633
2025-09-26 08:02:42.026000,109316.43,112246.46,108631.51,20660.24608
2025-09-26 08:02:43.025000,109316.44,112246.46,108631.51,20660.56477
2025-09-26 08:02:44.025000,109319.12,112246.46,108631.51,20660.5749
2025-09-26 08:02:45.025000,109319.12,112246.46,108631.51,20661.0827
2025-09-26 08:02:46.025000,109319.12,112246.46,108631.51,20661.07131
2025-09-26 08:02:47.025000,109319.12,112246.46,108631.51,20661.06093
2025-09-26 08:02:48.025000,109319.11,112246.46,108631.51,20661.02983
2025-09-26 08:02:49.025000,109319.12,112246.46,108631.51,20661.10618
2025-09-26 08:02:50.025000,109319.12,112246.46,108631.51,20661.09431
2025-09-26 08:02:51.025000,109319.12,112246.46,108631.51,20661.03746
2025-09-26 08:02:52.025000,109319.12,112246.46,108631.51,20660.84887
2025-09-26 08:02:53.026000,109319.12,112246.46,108631.51,20660.84996
